Rank,Organisation ID,Organisation name,Invoice ID,Invoice URI,Invoice number,Invoice date,Due date,Modified date,Invoice total,VAT total,Status ID,Status,Payer name,Payer business ID,Our ref,Payment term
1,800014,Suorakorvaus Kela,104115,,,2025-06-04 00:00:00,2025-06-18 00:00:00,2025-06-04 10:32:21,6382.0,0.0,2,Hyväksytty,Suorakorvaus Kela,,200800014001423627,14 pv netto
1,800014,Suorakorvaus Kela,105679,,,2025-06-30 00:00:00,2025-07-14 00:00:00,2025-06-30 13:52:28,6494.0,0.0,2,Hyväksytty,Suorakorvaus Kela,,200800014001430513,14 pv netto
1,800014,Suorakorvaus Kela,105713,,,2025-06-30 00:00:00,2025-07-14 00:00:00,2025-07-01 13:44:21,185.55,0.0,2,Hyväksytty,Suorakorvaus Kela,,200800014001430762,14 pv netto
1,800014,Suorakorvaus Kela,105773,,,2025-07-01 00:00:00,2025-07-01 00:00:00,2025-07-01 13:44:24,-185.55,0.0,2,Hyväksytty,Suorakorvaus Kela,,200800014001431091,
1,800014,Suorakorvaus Kela,106128,,,2025-07-03 00:00:00,2025-07-17 00:00:00,2025-07-04 09:11:29,259.2,0.0,2,Hyväksytty,Suorakorvaus Kela,,200800014001433646,14 pv netto
1,800014,Suorakorvaus Kela,106150,,,2025-07-04 00:00:00,2025-07-04 00:00:00,2025-07-04 09:11:33,-259.2,0.0,2,Hyväksytty,Suorakorvaus Kela,,200800014001433714,
1,800014,Suorakorvaus Kela,106592,,,2025-07-11 00:00:00,2025-07-25 00:00:00,2025-07-14 08:45:12,295.2,0.0,2,Hyväksytty,Suorakorvaus Kela,,200800014001435631,14 pv netto
1,800014,Suorakorvaus Kela,106609,,,2025-07-14 00:00:00,2025-07-14 00:00:00,2025-07-14 08:45:15,-295.2,0.0,2,Hyväksytty,Suorakorvaus Kela,,200800014001435657,
1,800014,Suorakorvaus Kela,106670,,,2025-07-14 00:00:00,2025-07-28 00:00:00,2025-07-14 17:00:03,247.2,0.0,2,Hyväksytty,Suorakorvaus Kela,,200800014001435916,14 pv netto
1,800014,Suorakorvaus Kela,106735,,,2025-07-15 00:00:00,2025-07-29 00:00:00,2025-07-15 14:39:43,3653.0,0.0,2,Hyväksytty,Suorakorvaus Kela,,200800014001436287,14 pv netto
1,800014,Suorakorvaus Kela,107448,,,2025-07-24 00:00:00,2025-08-07 00:00:00,2025-07-24 17:00:06,276.5,0.0,2,Hyväksytty,Suorakorvaus Kela,,200800014001440037,14 pv netto
1,800014,Suorakorvaus Kela,107815,,,2025-07-31 00:00:00,2025-08-14 00:00:00,2025-07-31 15:36:48,3800.0,0.0,2,Hyväksytty,Suorakorvaus Kela,,200800014001441379,14 pv netto
1,800014,Suorakorvaus Kela,108099,,,2025-08-01 00:00:00,2025-08-15 00:00:00,2025-08-01 17:00:21,420.9,0.0,2,Hyväksytty,Suorakorvaus Kela,,200800014001443584,14 pv netto
1,800014,Suorakorvaus Kela,108993,,,2025-08-16 00:00:00,2025-08-30 00:00:00,2025-08-16 17:00:15,230.8,0.0,2,Hyväksytty,Suorakorvaus Kela,,200800014001446604,14 pv netto
1,800014,Suorakorvaus Kela,109182,,,2025-08-19 00:00:00,2025-09-02 00:00:00,2025-08-19 17:00:16,158.4,0.0,2,Hyväksytty,Suorakorvaus Kela,,200800014001447548,14 pv netto
1,800014,Suorakorvaus Kela,110334,,,2025-09-01 00:00:00,2025-09-15 00:00:00,2025-09-01 17:00:27,518.2,0.0,2,Hyväksytty,Suorakorvaus Kela,,200800014001454162,14 pv netto
1,800014,Suorakorvaus Kela,110526,,,2025-09-03 00:00:00,2025-09-17 00:00:00,2025-09-03 17:00:07,84.6,0.0,2,Hyväksytty,Suorakorvaus Kela,,200800014001454874,14 pv netto
1,800014,Suorakorvaus Kela,110568,,,2025-09-04 00:00:00,2025-09-18 00:00:00,2025-09-04 11:50:06,9188.0,0.0,2,Hyväksytty,Suorakorvaus Kela,,200800014001454984,14 pv netto
1,800014,Suorakorvaus Kela,110818,,,2025-09-08 00:00:00,2025-09-22 00:00:00,2025-09-08 17:00:10,87.63,0.0,2,Hyväksytty,Suorakorvaus Kela,,200800014001455873,14 pv netto
1,800014,Suorakorvaus Kela,110907,,,2025-09-09 00:00:00,2025-09-23 00:00:00,2025-09-09 17:00:02,84.6,0.0,2,Hyväksytty,Suorakorvaus Kela,,200800014001456209,14 pv netto
1,800014,Suorakorvaus Kela,111144,,,2025-09-15 00:00:00,2025-09-29 00:00:00,2025-09-15 08:48:55,4152.6,0.0,2,Hyväksytty,Suorakorvaus Kela,,200800014001457088,14 pv netto
1,800014,Suorakorvaus Kela,111396,,,2025-09-16 00:00:00,2025-09-30 00:00:00,2025-09-16 17:00:26,84.6,0.0,2,Hyväksytty,Suorakorvaus Kela,,200800014001458728,14 pv netto
1,800014,Suorakorvaus Kela,111889,,,2025-09-23 00:00:00,2025-10-07 00:00:00,2025-09-23 17:00:15,240.0,0.0,2,Hyväksytty,Suorakorvaus Kela,,200800014001461184,14 pv netto
1,800014,Suorakorvaus Kela,111959,,,2025-09-24 00:00:00,2025-10-08 00:00:00,2025-09-24 17:00:10,420.68,0.0,2,Hyväksytty,Suorakorvaus Kela,,200800014001461553,14 pv netto
1,800014,Suorakorvaus Kela,112308,,,2025-09-30 00:00:00,2025-10-14 00:00:00,2025-09-30 17:00:10,222.0,0.0,2,Hyväksytty,Suorakorvaus Kela,,200800014001463315,14 pv netto
1,800014,Suorakorvaus Kela,112340,,,2025-10-01 00:00:00,2025-10-15 00:00:00,2025-10-01 11:33:17,4157.0,0.0,2,Hyväksytty,Suorakorvaus Kela,,200800014001463467,14 pv netto
1,800014,Suorakorvaus Kela,112513,,,2025-10-01 00:00:00,2025-10-15 00:00:00,2025-10-01 17:00:29,325.35,0.0,2,Hyväksytty,Suorakorvaus Kela,,200800014001465012,14 pv netto
1,800014,Suorakorvaus Kela,112981,,,2025-10-08 00:00:00,2025-10-22 00:00:00,2025-10-08 17:00:13,222.0,0.0,2,Hyväksytty,Suorakorvaus Kela,,200800014001466956,14 pv netto
1,800014,Suorakorvaus Kela,113056,,,2025-10-09 00:00:00,2025-10-23 00:00:00,2025-10-09 17:00:06,222.0,0.0,2,Hyväksytty,Suorakorvaus Kela,,200800014001467214,14 pv netto
1,800014,Suorakorvaus Kela,113600,,,2025-10-16 00:00:00,2025-10-30 00:00:00,2025-10-16 17:00:22,310.3,0.0,2,Hyväksytty,Suorakorvaus Kela,,200800014001469788,14 pv netto
1,800014,Suorakorvaus Kela,113799,,,2025-10-20 00:00:00,2025-11-03 00:00:00,2025-10-20 17:00:09,87.6,0.0,2,Hyväksytty,Suorakorvaus Kela,,200800014001470722,14 pv netto
1,800014,Suorakorvaus Kela,114034,,,2025-10-22 00:00:00,2025-11-05 00:00:00,2025-10-22 17:00:01,222.0,0.0,2,Hyväksytty,Suorakorvaus Kela,,200800014001471909,14 pv netto
1,800014,Suorakorvaus Kela,114436,,,2025-10-28 00:00:00,2025-11-11 00:00:00,2025-10-28 13:21:01,3620.6,0.0,2,Hyväksytty,Suorakorvaus Kela,,200800014001474317,14 pv netto
1,800014,Suorakorvaus Kela,114471,,,2025-10-28 00:00:00,2025-11-11 00:00:00,2025-10-28 17:00:05,383.6,0.0,2,Hyväksytty,Suorakorvaus Kela,,200800014001474508,14 pv netto
1,800014,Suorakorvaus Kela,115200,,,2025-11-04 00:00:00,2025-11-18 00:00:00,2025-11-04 17:00:11,222.0,0.0,2,Hyväksytty,Suorakorvaus Kela,,200800014001479257,14 pv netto
1,800014,Suorakorvaus Kela,115700,,,2025-11-11 00:00:00,2025-11-25 00:00:00,2025-11-11 13:35:22,10612.2,0.0,2,Hyväksytty,Suorakorvaus Kela,,200800014001481973,14 pv netto
1,800014,Suorakorvaus Kela,116209,,,2025-11-16 00:00:00,2025-11-30 00:00:00,2025-11-16 17:00:20,103.4,0.0,2,Hyväksytty,Suorakorvaus Kela,,200800014001485403,14 pv netto
1,800014,Suorakorvaus Kela,116335,,,2025-11-17 00:00:00,2025-12-01 00:00:00,2025-11-17 17:00:07,508.8,0.0,2,Hyväksytty,Suorakorvaus Kela,,200800014001486266,14 pv netto
1,800014,Suorakorvaus Kela,117275,,,2025-11-28 00:00:00,2025-12-12 00:00:00,2025-11-28 17:00:09,607.3,0.0,2,Hyväksytty,Suorakorvaus Kela,,200800014001492218,14 pv netto
1,800014,Suorakorvaus Kela,117403,,,2025-12-01 00:00:00,2025-12-15 00:00:00,2025-12-01 12:54:16,9860.2,0.0,2,Hyväksytty,Suorakorvaus Kela,,200800014001493194,14 pv netto
1,800014,Suorakorvaus Kela,119547,,,2025-12-22 00:00:00,2026-01-05 00:00:00,2025-12-22 14:29:00,3177.1,0.0,2,Hyväksytty,Suorakorvaus Kela,,200800014001507116,14 pv netto
1,800014,Suorakorvaus Kela,120088,,,2025-12-31 00:00:00,2026-01-14 00:00:00,2025-12-31 17:00:14,248.4,0.0,2,Hyväksytty,Suorakorvaus Kela,,200800014001509855,14 pv netto
1,800014,Suorakorvaus Kela,120170,,,2026-01-02 00:00:00,2026-01-16 00:00:00,2026-01-02 17:00:15,444.0,0.0,2,Hyväksytty,Suorakorvaus Kela,,200800014001510200,14 pv netto
1,800014,Suorakorvaus Kela,120286,,,2026-01-05 00:00:00,2026-01-19 00:00:00,2026-01-05 17:00:11,222.0,0.0,2,Hyväksytty,Suorakorvaus Kela,,200800014001510925,14 pv netto
1,800014,Suorakorvaus Kela,120541,,,2026-01-08 00:00:00,2026-01-22 00:00:00,2026-01-08 18:00:12,85.2,0.0,2,Hyväksytty,Suorakorvaus Kela,,200800014001512101,14 pv netto
1,800014,Suorakorvaus Kela,121334,,,2026-01-16 00:00:00,2026-01-30 00:00:00,2026-01-16 17:00:13,136.1,0.0,2,Hyväksytty,Suorakorvaus Kela,,200800014001516547,14 pv netto
1,800014,Suorakorvaus Kela,121902,,,2026-01-23 00:00:00,2026-02-06 00:00:00,2026-01-23 17:00:08,255.6,0.0,2,Hyväksytty,Suorakorvaus Kela,,200800014001519560,14 pv netto
1,800014,Suorakorvaus Kela,122055,,,2026-01-26 00:00:00,2026-02-09 00:00:00,2026-01-26 17:00:15,666.0,0.0,2,Hyväksytty,Suorakorvaus Kela,,200800014001520533,14 pv netto
1,800014,Suorakorvaus Kela,122101,,,2026-01-27 00:00:00,2026-02-10 00:00:00,2026-01-27 09:48:46,4241.5,0.0,2,Hyväksytty,Suorakorvaus Kela,,200800014001520753,14 pv netto
1,800014,Suorakorvaus Kela,122162,,,2026-01-27 00:00:00,2026-02-10 00:00:00,2026-01-27 17:00:07,222.0,0.0,2,Hyväksytty,Suorakorvaus Kela,,200800014001520928,14 pv netto
1,800014,Suorakorvaus Kela,122555,,,2026-02-01 00:00:00,2026-02-15 00:00:00,2026-02-01 17:00:20,230.75,0.0,2,Hyväksytty,Suorakorvaus Kela,,200800014001523514,14 pv netto
1,800014,Suorakorvaus Kela,122650,,,2026-02-02 00:00:00,2026-02-16 00:00:00,2026-02-02 17:00:06,286.8,0.0,2,Hyväksytty,Suorakorvaus Kela,,200800014001524005,14 pv netto
1,800014,Suorakorvaus Kela,122771,,,2026-02-03 00:00:00,2026-02-17 00:00:00,2026-02-03 17:00:02,85.2,0.0,2,Hyväksytty,Suorakorvaus Kela,,200800014001524500,14 pv netto
1,800014,Suorakorvaus Kela,123136,,,2026-02-09 00:00:00,2026-02-23 00:00:00,2026-02-09 17:00:03,222.0,0.0,2,Hyväksytty,Suorakorvaus Kela,,200800014001526265,14 pv netto
1,800014,Suorakorvaus Kela,123447,,,2026-02-12 00:00:00,2026-02-26 00:00:00,2026-02-12 13:17:51,3803.2,0.0,2,Hyväksytty,Suorakorvaus Kela,,200800014001528182,14 pv netto
1,800014,Suorakorvaus Kela,123538,,,2026-02-13 00:00:00,2026-02-27 00:00:00,2026-02-13 17:00:07,343.95,0.0,2,Hyväksytty,Suorakorvaus Kela,,200800014001528700,14 pv netto
1,800014,Suorakorvaus Kela,124275,,,2026-02-20 00:00:00,2026-03-06 00:00:00,2026-02-20 17:00:10,160.4,0.0,2,Hyväksytty,Suorakorvaus Kela,,200800014001534024,14 pv netto
1,800014,Suorakorvaus Kela,124723,,,2026-02-26 00:00:00,2026-03-12 00:00:00,2026-02-26 17:00:12,64.8,0.0,2,Hyväksytty,Suorakorvaus Kela,,200800014001536653,14 pv netto
1,800014,Suorakorvaus Kela,124845,,,2026-02-27 00:00:00,2026-03-13 00:00:00,2026-02-27 17:00:09,45.0,0.0,2,Hyväksytty,Suorakorvaus Kela,,200800014001537306,14 pv netto
1,800014,Suorakorvaus Kela,124993,,,2026-03-01 00:00:00,2026-03-15 00:00:00,2026-03-01 17:00:26,318.25,0.0,2,Hyväksytty,Suorakorvaus Kela,,200800014001538583,14 pv netto
1,800014,Suorakorvaus Kela,125120,,,2026-03-02 00:00:00,2026-03-16 00:00:00,2026-03-02 19:00:14,36.0,0.0,2,Hyväksytty,Suorakorvaus Kela,,200800014001539249,14 pv netto
1,800014,Suorakorvaus Kela,125246,,,2026-03-03 00:00:00,2026-03-17 00:00:00,2026-03-03 17:00:15,637.6,0.0,2,Hyväksytty,Suorakorvaus Kela,,200800014001540018,14 pv netto
1,800014,Suorakorvaus Kela,125756,,,2026-03-10 00:00:00,2026-03-24 00:00:00,2026-03-10 09:51:04,4448.5,0.0,2,Hyväksytty,Suorakorvaus Kela,,200800014001542838,14 pv netto
1,800014,Suorakorvaus Kela,125919,,,2026-03-11 00:00:00,2026-03-25 00:00:00,2026-03-11 17:00:05,222.0,0.0,2,Hyväksytty,Suorakorvaus Kela,,200800014001543701,14 pv netto
1,800014,Suorakorvaus Kela,126041,,,2026-03-12 00:00:00,2026-03-26 00:00:00,2026-03-12 17:00:06,324.0,0.0,2,Hyväksytty,Suorakorvaus Kela,,200800014001544302,14 pv netto
1,800014,Suorakorvaus Kela,126511,,,2026-03-16 00:00:00,2026-03-30 00:00:00,2026-03-16 17:00:30,85.2,0.0,2,Hyväksytty,Suorakorvaus Kela,,200800014001547655,14 pv netto
1,800014,Suorakorvaus Kela,126614,,,2026-03-17 00:00:00,2026-03-31 00:00:00,2026-03-18 08:43:26,441.6,0.0,2,Hyväksytty,Suorakorvaus Kela,,200800014001548117,14 pv netto
1,800014,Suorakorvaus Kela,126700,,,2026-03-18 00:00:00,2026-04-01 00:00:00,2026-03-18 08:43:31,0.0,0.0,2,Hyväksytty,Suorakorvaus Kela,,200800014001548874,14 pv netto
1,800014,Suorakorvaus Kela,126767,,,2026-03-18 00:00:00,2026-04-01 00:00:00,2026-03-18 17:00:08,339.6,0.0,2,Hyväksytty,Suorakorvaus Kela,,200800014001549158,14 pv netto
1,800014,Suorakorvaus Kela,127428,,,2026-03-25 00:00:00,2026-04-08 00:00:00,2026-04-15 11:22:41,392.4,0.0,2,Hyväksytty,Suorakorvaus Kela,,200800014001553050,14 pv netto
1,800014,Suorakorvaus Kela,127695,,,2026-03-27 00:00:00,2026-04-10 00:00:00,2026-04-01 10:45:10,80.04,0.0,2,Hyväksytty,Suorakorvaus Kela,,200800014001554415,14 pv netto
1,800014,Suorakorvaus Kela,127877,,,2026-03-30 00:00:00,2026-04-13 00:00:00,2026-03-30 17:00:09,64.5,0.0,2,Hyväksytty,Suorakorvaus Kela,,200800014001555786,14 pv netto
1,800014,Suorakorvaus Kela,127890,,,2026-03-30 00:00:00,2026-04-13 00:00:00,2026-03-30 18:00:12,188.35,0.0,2,Hyväksytty,Suorakorvaus Kela,,200800014001555870,14 pv netto
1,800014,Suorakorvaus Kela,127995,,,2026-03-31 00:00:00,2026-04-14 00:00:00,2026-03-31 17:00:12,222.0,0.0,2,Hyväksytty,Suorakorvaus Kela,,200800014001556442,14 pv netto
1,800014,Suorakorvaus Kela,128038,,,2026-04-01 00:00:00,2026-04-15 00:00:00,2026-04-01 10:45:13,0.0,0.0,2,Hyväksytty,Suorakorvaus Kela,,200800014001556701,14 pv netto
1,800014,Suorakorvaus Kela,128039,,,2026-04-01 00:00:00,2026-04-15 00:00:00,2026-04-01 10:52:21,0.0,0.0,2,Hyväksytty,Suorakorvaus Kela,,200800014001556714,14 pv netto
1,800014,Suorakorvaus Kela,128861,,,2026-04-01 00:00:00,2026-04-15 00:00:00,2026-04-16 14:46:19,480.25,0.0,2,Hyväksytty,Suorakorvaus Kela,,200800014001564609,14 pv netto
1,800014,Suorakorvaus Kela,129226,,,2026-04-07 00:00:00,2026-04-21 00:00:00,2026-04-07 16:00:08,4047.1,0.0,2,Hyväksytty,Suorakorvaus Kela,,200800014001567020,14 pv netto
1,800014,Suorakorvaus Kela,129919,,,2026-04-15 00:00:00,2026-04-29 00:00:00,2026-04-15 11:22:44,0.0,0.0,2,Hyväksytty,Suorakorvaus Kela,,200800014001570570,14 pv netto
1,800014,Suorakorvaus Kela,129920,,,2026-04-15 00:00:00,2026-04-29 00:00:00,2026-04-15 11:23:19,0.0,0.0,2,Hyväksytty,Suorakorvaus Kela,,200800014001570583,14 pv netto
1,800014,Suorakorvaus Kela,129961,,,2026-04-15 00:00:00,2026-04-29 00:00:00,2026-04-15 17:00:11,85.2,0.0,2,Hyväksytty,Suorakorvaus Kela,,200800014001570729,14 pv netto
1,800014,Suorakorvaus Kela,130295,,,2026-04-17 00:00:00,2026-05-01 00:00:00,2026-04-17 13:31:27,2134.1,0.0,2,Hyväksytty,Suorakorvaus Kela,,200800014001573030,14 pv netto
1,800014,Suorakorvaus Kela,130523,,,2026-04-20 00:00:00,2026-05-04 00:00:00,2026-04-20 17:00:10,107.35,0.0,2,Hyväksytty,Suorakorvaus Kela,,200800014001574615,14 pv netto
1,800014,Suorakorvaus Kela,131021,,,2026-04-24 00:00:00,2026-05-08 00:00:00,2026-04-24 17:00:12,18.8,0.0,2,Hyväksytty,Suorakorvaus Kela,,200800014001577573,14 pv netto
1,800014,Suorakorvaus Kela,131588,,,2026-04-30 00:00:00,2026-05-14 00:00:00,2026-04-30 17:00:12,222.0,0.0,2,Hyväksytty,Suorakorvaus Kela,,200800014001580625,14 pv netto
1,800014,Suorakorvaus Kela,132292,,,2026-05-07 00:00:00,2026-05-21 00:00:00,2026-05-07 17:00:10,529.2,0.0,2,Hyväksytty,Suorakorvaus Kela,,200800014001584935,14 pv netto
1,800014,Suorakorvaus Kela,132431,,,2026-05-08 00:00:00,2026-05-22 00:00:00,2026-05-08 12:51:06,3600.9,0.0,2,Hyväksytty,Suorakorvaus Kela,,200800014001585769,14 pv netto
1,800014,Suorakorvaus Kela,132798,,,2026-05-12 00:00:00,2026-05-26 00:00:00,2026-05-12 17:00:14,222.0,0.0,2,Hyväksytty,Suorakorvaus Kela,,200800014001588012,14 pv netto
1,800014,Suorakorvaus Kela,133267,,,2026-05-16 00:00:00,2026-05-30 00:00:00,2026-05-16 17:00:23,978.8,0.0,2,Hyväksytty,Suorakorvaus Kela,,200800014001591232,14 pv netto
1,800014,Suorakorvaus Kela,133997,,,2026-05-22 00:00:00,2026-06-05 00:00:00,2026-05-22 17:00:13,266.75,0.0,2,Hyväksytty,Suorakorvaus Kela,,200800014001595733,14 pv netto
1,800014,Suorakorvaus Kela,134561,,,2026-05-28 00:00:00,2026-06-11 00:00:00,2026-05-28 12:07:19,4389.2,0.0,2,Hyväksytty,Suorakorvaus Kela,,200800014001599302,14 pv netto
2,102213,Marest Holding OÜ,103856,,,2025-06-01 00:00:00,2025-06-15 00:00:00,2025-06-01 17:00:13,25.75,0.0,2,Hyväksytty,MarEst Forest OÜ,2935712-6,200102213001422156,14 pv netto
2,102213,Marest Holding OÜ,104792,,,2025-06-16 00:00:00,2025-06-30 00:00:00,2025-06-16 17:00:14,1187.1,0.0,2,Hyväksytty,MarEst Forest OÜ,2935712-6,200102213001426013,14 pv netto
2,102213,Marest Holding OÜ,110216,,,2025-09-01 00:00:00,2025-09-15 00:00:00,2025-09-01 17:00:12,458.0,0.0,2,Hyväksytty,MarEst Forest OÜ,2935712-6,200102213001452980,14 pv netto
2,102213,Marest Holding OÜ,111331,,,2025-09-16 00:00:00,2025-09-30 00:00:00,2025-09-16 17:00:17,1031.0,0.0,2,Hyväksytty,MarEst Forest OÜ,2935712-6,200102213001458078,14 pv netto
2,102213,Marest Holding OÜ,119275,,,2025-12-18 00:00:00,2026-01-01 00:00:00,2025-12-18 13:45:55,1888.0,0.0,2,Hyväksytty,MarEst Forest OÜ,2935712-6,200102213001505536,14 pv netto
2,102213,Marest Holding OÜ,120050,,,2025-12-31 00:00:00,2026-01-14 00:00:00,2025-12-31 17:00:07,38.0,0.0,2,Hyväksytty,MarEst Forest OÜ,2935712-6,200102213001509477,14 pv netto
2,102213,Marest Holding OÜ,124481,,,2026-02-24 00:00:00,2026-03-10 00:00:00,2026-02-24 10:11:27,2303.0,0.0,2,Hyväksytty,Marest Holding OÜ,2935712-6,200102213001535454,14 pv netto
2,102213,Marest Holding OÜ,124948,,,2026-03-01 00:00:00,2026-03-15 00:00:00,2026-03-01 17:00:18,7907.25,0.0,2,Hyväksytty,Marest Holding OÜ,2935712-6,200102213001538134,14 pv netto
2,102213,Marest Holding OÜ,126432,,,2026-03-16 00:00:00,2026-03-30 00:00:00,2026-03-16 17:00:25,79.77,13.77,2,Hyväksytty,Marest Holding OÜ,2935712-6,200102213001546867,14 pv netto
2,102213,Marest Holding OÜ,127172,,,2026-03-23 00:00:00,2026-04-06 00:00:00,2026-03-23 11:39:15,404.0,0.0,2,Hyväksytty,Marest Holding OÜ,2935712-6,200102213001551807,14 pv netto
2,102213,Marest Holding OÜ,128766,,,2026-04-01 00:00:00,2026-04-15 00:00:00,2026-04-01 17:01:22,3624.0,0.0,2,Hyväksytty,Marest Holding OÜ,2935712-6,200102213001563659,14 pv netto
2,102213,Marest Holding OÜ,131671,,,2026-05-01 00:00:00,2026-05-15 00:00:00,2026-05-01 17:00:16,1044.0,0.0,2,Hyväksytty,Marest Holding OÜ,2935712-6,200102213001581408,14 pv netto
2,102213,Marest Holding OÜ,133220,,,2026-05-16 00:00:00,2026-05-30 00:00:00,2026-05-16 17:00:12,2542.0,0.0,2,Hyväksytty,Marest Holding OÜ,2935712-6,200102213001590761,14 pv netto
3,103269,Puistolakoti Oy,103869,,,2025-06-01 00:00:00,2025-06-15 00:00:00,2025-06-01 17:00:15,68.0,0.0,2,Hyväksytty,Puistolakoti Oy,3124353-1,200103269001422280,14 pv netto
3,103269,Puistolakoti Oy,104805,,,2025-06-16 00:00:00,2025-06-30 00:00:00,2025-06-16 17:00:15,286.2,0.0,2,Hyväksytty,Puistolakoti Oy,3124353-1,200103269001426147,14 pv netto
3,103269,Puistolakoti Oy,105902,,,2025-07-01 00:00:00,2025-07-15 00:00:00,2025-07-01 17:00:20,680.12,0.0,2,Hyväksytty,Puistolakoti Oy,3124353-1,200103269001432209,14 pv netto
3,103269,Puistolakoti Oy,106904,,,2025-07-16 00:00:00,2025-07-30 00:00:00,2025-07-16 17:00:15,282.25,0.0,2,Hyväksytty,Puistolakoti Oy,3124353-1,200103269001437220,14 pv netto
3,103269,Puistolakoti Oy,107988,,,2025-08-01 00:00:00,2025-08-15 00:00:00,2025-08-01 17:00:08,150.1,0.0,2,Hyväksytty,Puistolakoti Oy,3124353-1,200103269001442480,14 pv netto
3,103269,Puistolakoti Oy,108971,,,2025-08-16 00:00:00,2025-08-30 00:00:00,2025-08-16 17:00:11,52.0,0.0,2,Hyväksytty,Puistolakoti Oy,3124353-1,200103269001446389,14 pv netto
3,103269,Puistolakoti Oy,110231,,,2025-09-01 00:00:00,2025-09-15 00:00:00,2025-09-01 17:00:14,923.0,0.0,2,Hyväksytty,Puistolakoti Oy,3124353-1,200103269001453136,14 pv netto
3,103269,Puistolakoti Oy,111346,,,2025-09-16 00:00:00,2025-09-30 00:00:00,2025-09-16 17:00:18,619.4,0.0,2,Hyväksytty,Puistolakoti Oy,3124353-1,200103269001458225,14 pv netto
3,103269,Puistolakoti Oy,112420,,,2025-10-01 00:00:00,2025-10-15 00:00:00,2025-10-01 17:00:18,781.75,0.0,2,Hyväksytty,Puistolakoti Oy,3124353-1,200103269001464086,14 pv netto
3,103269,Puistolakoti Oy,113547,,,2025-10-16 00:00:00,2025-10-30 00:00:00,2025-10-16 17:00:11,769.64,0.0,2,Hyväksytty,Puistolakoti Oy,3124353-1,200103269001469256,14 pv netto
3,103269,Puistolakoti Oy,114867,,,2025-11-01 00:00:00,2025-11-15 00:00:00,2025-11-01 17:00:11,1167.3,0.0,2,Hyväksytty,Puistolakoti Oy,3124353-1,200103269001476993,14 pv netto
3,103269,Puistolakoti Oy,116168,,,2025-11-16 00:00:00,2025-11-30 00:00:00,2025-11-16 17:00:14,2228.2,0.0,2,Hyväksytty,Puistolakoti Oy,3124353-1,200103269001484998,14 pv netto
3,103269,Puistolakoti Oy,117533,,,2025-12-01 00:00:00,2025-12-15 00:00:00,2025-12-01 17:00:25,2645.3,0.0,2,Hyväksytty,Puistolakoti Oy,3124353-1,200103269001494373,14 pv netto
3,103269,Puistolakoti Oy,120057,,,2025-12-31 00:00:00,2026-01-14 00:00:00,2025-12-31 17:00:08,597.6,0.0,2,Hyväksytty,Puistolakoti Oy,3124353-1,200103269001509543,14 pv netto
3,103269,Puistolakoti Oy,121311,,,2026-01-16 00:00:00,2026-01-30 00:00:00,2026-01-16 17:00:07,246.7,0.0,2,Hyväksytty,Puistolakoti Oy,3124353-1,200103269001516316,14 pv netto
3,103269,Puistolakoti Oy,122519,,,2026-02-01 00:00:00,2026-02-15 00:00:00,2026-02-01 17:00:14,1085.8,0.0,2,Hyväksytty,Puistolakoti Oy,3124353-1,200103269001523150,14 pv netto
3,103269,Puistolakoti Oy,123806,,,2026-02-16 00:00:00,2026-03-02 00:00:00,2026-02-16 17:00:18,117.0,0.0,2,Hyväksytty,Puistolakoti Oy,3124353-1,200103269001530981,14 pv netto
3,103269,Puistolakoti Oy,124954,,,2026-03-01 00:00:00,2026-03-15 00:00:00,2026-03-01 17:00:18,218.0,0.0,2,Hyväksytty,Puistolakoti Oy,3124353-1,200103269001538190,14 pv netto
3,103269,Puistolakoti Oy,126453,,,2026-03-16 00:00:00,2026-03-30 00:00:00,2026-03-16 17:00:26,229.3,0.0,2,Hyväksytty,Puistolakoti Oy,3124353-1,200103269001547071,14 pv netto
3,103269,Puistolakoti Oy,128090,,,2026-04-01 00:00:00,2026-04-15 00:00:00,2026-04-01 17:00:08,312.37,13.77,2,Hyväksytty,Puistolakoti Oy,3124353-1,200103269001556897,14 pv netto
3,103269,Puistolakoti Oy,131680,,,2026-05-01 00:00:00,2026-05-15 00:00:00,2026-05-01 17:00:17,264.0,0.0,2,Hyväksytty,Puistolakoti Oy,3124353-1,200103269001581493,14 pv netto
3,103269,Puistolakoti Oy,133225,,,2026-05-16 00:00:00,2026-05-30 00:00:00,2026-05-16 17:00:13,1360.8,0.0,2,Hyväksytty,Puistolakoti Oy,3124353-1,200103269001590811,14 pv netto
4,104236,Rakennusmoodi Oy,104210,,,2025-06-05 00:00:00,2025-06-19 00:00:00,2025-06-05 13:54:06,78.0,0.0,2,Hyväksytty,Rakennusmoodi Oy,2985702-4,200104236001423907,14 pv netto
4,104236,Rakennusmoodi Oy,104352,,,2025-06-09 00:00:00,2025-06-23 00:00:00,2025-06-09 14:06:11,720.9,0.0,2,Hyväksytty,Rakennusmoodi Oy,2985702-4,200104236001424223,14 pv netto
4,104236,Rakennusmoodi Oy,104673,,,2025-06-13 00:00:00,2025-06-27 00:00:00,2025-06-13 15:04:03,107.0,0.0,2,Hyväksytty,Rakennusmoodi Oy,2985702-4,200104236001425361,14 pv netto
4,104236,Rakennusmoodi Oy,105547,,,2025-06-27 00:00:00,2025-07-11 00:00:00,2025-06-27 17:10:30,314.75,0.0,2,Hyväksytty,Rakennusmoodi Oy,2985702-4,200104236001429574,14 pv netto
4,104236,Rakennusmoodi Oy,105722,,,2025-06-30 00:00:00,2025-07-14 00:00:00,2025-06-30 19:43:16,107.0,0.0,2,Hyväksytty,Rakennusmoodi Oy,2985702-4,200104236001430796,14 pv netto
4,104236,Rakennusmoodi Oy,106141,,,2025-07-03 00:00:00,2025-07-17 00:00:00,2025-07-03 20:04:59,68.0,0.0,2,Hyväksytty,Rakennusmoodi Oy,2985702-4,200104236001433683,14 pv netto
4,104236,Rakennusmoodi Oy,106301,,,2025-07-07 00:00:00,2025-07-21 00:00:00,2025-07-07 18:58:25,177.75,0.0,2,Hyväksytty,Rakennusmoodi Oy,2985702-4,200104236001434284,14 pv netto
4,104236,Rakennusmoodi Oy,106385,,,2025-07-08 00:00:00,2025-07-22 00:00:00,2025-07-08 18:48:53,81.0,0.0,2,Hyväksytty,Rakennusmoodi Oy,2985702-4,200104236001434750,14 pv netto
4,104236,Rakennusmoodi Oy,106537,,,2025-07-10 00:00:00,2025-07-24 00:00:00,2025-07-10 20:15:43,107.0,0.0,2,Hyväksytty,Rakennusmoodi Oy,2985702-4,200104236001435416,14 pv netto
4,104236,Rakennusmoodi Oy,107101,,,2025-07-18 00:00:00,2025-08-01 00:00:00,2025-07-18 08:12:01,819.0,0.0,2,Hyväksytty,Rakennusmoodi Oy,2985702-4,200104236001438756,14 pv netto
4,104236,Rakennusmoodi Oy,107102,,,2025-07-18 00:00:00,2025-10-16 00:00:00,2025-07-18 08:12:41,819.0,0.0,2,Hyväksytty,Rakennusmoodi Oy,2985702-4,200104236001438769,90 pv netto
4,104236,Rakennusmoodi Oy,107103,,,2025-07-18 00:00:00,2026-01-13 00:00:00,2025-07-18 08:13:17,819.0,0.0,2,Hyväksytty,Rakennusmoodi Oy,2985702-4,200104236001438772,180 pv netto
4,104236,Rakennusmoodi Oy,107104,,,2025-07-18 00:00:00,2026-04-27 00:00:00,2026-04-27 13:37:43,819.0,0.0,2,Hyväksytty,Rakennusmoodi Oy,2985702-4,200104236001438785,270 pv netto
4,104236,Rakennusmoodi Oy,107153,,,2025-07-18 00:00:00,2025-08-01 00:00:00,2025-07-18 12:06:10,255.75,0.0,2,Hyväksytty,Rakennusmoodi Oy,2985702-4,200104236001439098,14 pv netto
4,104236,Rakennusmoodi Oy,107541,,,2025-07-28 00:00:00,2025-08-11 00:00:00,2025-07-28 10:37:41,101.0,0.0,2,Hyväksytty,Rakennusmoodi Oy,2985702-4,200104236001440317,14 pv netto
4,104236,Rakennusmoodi Oy,107936,,,2025-08-01 00:00:00,2025-08-15 00:00:00,2025-08-01 16:39:58,214.0,0.0,2,Hyväksytty,Rakennusmoodi Oy,2985702-4,200104236001442014,14 pv netto
4,104236,Rakennusmoodi Oy,108727,,,2025-08-12 00:00:00,2025-08-26 00:00:00,2025-08-12 20:00:04,78.0,0.0,2,Hyväksytty,Rakennusmoodi Oy,2985702-4,200104236001445600,14 pv netto
4,104236,Rakennusmoodi Oy,109170,,,2025-08-19 00:00:00,2025-09-02 00:00:00,2025-08-19 15:59:19,126.75,0.0,2,Hyväksytty,Rakennusmoodi Oy,2985702-4,200104236001447462,14 pv netto
4,104236,Rakennusmoodi Oy,109911,,,2025-08-28 00:00:00,2025-09-11 00:00:00,2025-08-28 11:19:16,200.5,0.0,2,Hyväksytty,Rakennusmoodi Oy,2985702-4,200104236001451351,14 pv netto
4,104236,Rakennusmoodi Oy,110181,,,2025-09-01 00:00:00,2025-09-15 00:00:00,2025-09-01 15:29:16,228.75,0.0,2,Hyväksytty,Rakennusmoodi Oy,2985702-4,200104236001452664,14 pv netto
4,104236,Rakennusmoodi Oy,110745,,,2025-09-08 00:00:00,2025-09-22 00:00:00,2025-09-08 09:18:24,193.0,0.0,2,Hyväksytty,Rakennusmoodi Oy,2985702-4,200104236001455548,14 pv netto
4,104236,Rakennusmoodi Oy,111026,,,2025-09-11 00:00:00,2025-09-25 00:00:00,2025-09-11 12:50:02,78.0,0.0,2,Hyväksytty,Rakennusmoodi Oy,2985702-4,200104236001456673,14 pv netto
4,104236,Rakennusmoodi Oy,112820,,,2025-10-06 00:00:00,2025-10-20 00:00:00,2025-10-06 19:47:14,86.4,0.0,2,Hyväksytty,Rakennusmoodi Oy,2985702-4,200104236001466168,14 pv netto
4,104236,Rakennusmoodi Oy,113667,,,2025-10-17 00:00:00,2025-10-17 00:00:00,2025-10-17 14:28:17,0.0,0.0,2,Hyväksytty,Rakennusmoodi Oy,2985702-4,200104236001470086,
4,104236,Rakennusmoodi Oy,114107,,,2025-10-23 00:00:00,2025-11-06 00:00:00,2025-10-23 12:38:22,480.15,0.0,2,Hyväksytty,Rakennusmoodi Oy,2985702-4,200104236001472453,14 pv netto
4,104236,Rakennusmoodi Oy,115311,,,2025-11-05 00:00:00,2025-11-19 00:00:00,2025-11-05 19:39:47,136.4,0.0,2,Hyväksytty,Rakennusmoodi Oy,2985702-4,200104236001479634,14 pv netto
4,104236,Rakennusmoodi Oy,117225,,,2025-11-28 00:00:00,2025-12-12 00:00:00,2025-11-28 10:53:38,272.3,0.0,2,Hyväksytty,Rakennusmoodi Oy,2985702-4,200104236001491858,14 pv netto
4,104236,Rakennusmoodi Oy,117751,,,2025-12-03 00:00:00,2025-12-17 00:00:00,2025-12-03 13:47:12,516.0,0.0,2,Hyväksytty,Rakennusmoodi Oy,2985702-4,200104236001495663,14 pv netto
4,104236,Rakennusmoodi Oy,118207,,,2025-12-09 00:00:00,2025-12-23 00:00:00,2025-12-09 12:40:24,260.38,0.0,2,Hyväksytty,Rakennusmoodi Oy,2985702-4,200104236001498356,14 pv netto
4,104236,Rakennusmoodi Oy,118217,,,2025-12-09 00:00:00,2025-12-09 00:00:00,2025-12-09 12:40:28,-260.38,0.0,2,Hyväksytty,Rakennusmoodi Oy,2985702-4,200104236001498424,
4,104236,Rakennusmoodi Oy,118218,,,2025-12-09 00:00:00,2025-12-23 00:00:00,2025-12-09 12:43:06,94.5,0.0,2,Hyväksytty,Rakennusmoodi Oy,2985702-4,200104236001498437,14 pv netto
4,104236,Rakennusmoodi Oy,119267,,,2025-12-18 00:00:00,2026-01-01 00:00:00,2025-12-18 12:43:15,224.9,0.0,2,Hyväksytty,Rakennusmoodi Oy,2985702-4,200104236001505485,14 pv netto
4,104236,Rakennusmoodi Oy,119964,,,2025-12-30 00:00:00,2026-01-13 00:00:00,2025-12-30 19:59:06,127.4,0.0,2,Hyväksytty,Rakennusmoodi Oy,2985702-4,200104236001508958,14 pv netto
4,104236,Rakennusmoodi Oy,120651,,,2026-01-09 00:00:00,2026-01-23 00:00:00,2026-01-09 19:56:01,194.6,0.0,2,Hyväksytty,Rakennusmoodi Oy,2985702-4,200104236001512478,14 pv netto
4,104236,Rakennusmoodi Oy,123343,,,2026-02-11 00:00:00,2026-02-25 00:00:00,2026-02-11 14:51:48,334.49,0.0,2,Hyväksytty,Rakennusmoodi Oy,2985702-4,200104236001527638,14 pv netto
4,104236,Rakennusmoodi Oy,123730,,,2026-02-16 00:00:00,2026-03-02 00:00:00,2026-02-16 14:28:29,251.06,0.0,2,Hyväksytty,Rakennusmoodi Oy,2985702-4,200104236001530337,14 pv netto
4,104236,Rakennusmoodi Oy,124533,,,2026-02-24 00:00:00,2026-03-10 00:00:00,2026-02-24 19:33:05,129.0,0.0,2,Hyväksytty,Rakennusmoodi Oy,2985702-4,200104236001535617,14 pv netto
4,104236,Rakennusmoodi Oy,125221,,,2026-03-03 00:00:00,2026-03-17 00:00:00,2026-03-03 14:27:48,289.97,0.0,2,Hyväksytty,Rakennusmoodi Oy,2985702-4,200104236001539862,14 pv netto
4,104236,Rakennusmoodi Oy,125446,,,2026-03-05 00:00:00,2026-03-19 00:00:00,2026-03-05 15:51:29,418.98,0.0,2,Hyväksytty,Rakennusmoodi Oy,2985702-4,200104236001541012,14 pv netto
4,104236,Rakennusmoodi Oy,126095,,,2026-03-13 00:00:00,2026-03-27 00:00:00,2026-03-13 11:04:00,80.0,0.0,2,Hyväksytty,Rakennusmoodi Oy,2985702-4,200104236001544653,14 pv netto
4,104236,Rakennusmoodi Oy,126113,,,2026-03-13 00:00:00,2026-03-27 00:00:00,2026-03-13 12:56:41,60.0,0.0,2,Hyväksytty,Rakennusmoodi Oy,2985702-4,200104236001544718,14 pv netto
4,104236,Rakennusmoodi Oy,126202,,,2026-03-16 00:00:00,2026-03-30 00:00:00,2026-03-16 10:11:37,161.8,0.0,2,Hyväksytty,Rakennusmoodi Oy,2985702-4,200104236001545144,14 pv netto
4,104236,Rakennusmoodi Oy,127552,,,2026-03-26 00:00:00,2026-04-09 00:00:00,2026-03-26 13:56:28,564.2,0.0,2,Hyväksytty,Rakennusmoodi Oy,2985702-4,200104236001553631,14 pv netto
4,104236,Rakennusmoodi Oy,129211,,,2026-04-07 00:00:00,2026-04-21 00:00:00,2026-04-07 14:29:07,60.0,0.0,2,Hyväksytty,Rakennusmoodi Oy,2985702-4,200104236001566958,14 pv netto
4,104236,Rakennusmoodi Oy,132455,,,2026-05-08 00:00:00,2026-05-22 00:00:00,2026-05-08 16:50:08,335.2,0.0,2,Hyväksytty,Rakennusmoodi Oy,2985702-4,200104236001585829,14 pv netto
4,104236,Rakennusmoodi Oy,132585,,,2026-05-11 00:00:00,2026-05-25 00:00:00,2026-05-11 09:49:17,77.0,0.0,2,Hyväksytty,Rakennusmoodi Oy,2985702-4,200104236001587018,14 pv netto
4,104236,Rakennusmoodi Oy,133979,,,2026-05-22 00:00:00,2026-06-05 00:00:00,2026-05-22 13:46:07,123.8,0.0,2,Hyväksytty,Rakennusmoodi Oy,2985702-4,200104236001595644,14 pv netto
4,104236,Rakennusmoodi Oy,133991,,,2026-05-22 00:00:00,2026-06-05 00:00:00,2026-05-22 16:34:38,96.0,0.0,2,Hyväksytty,Rakennusmoodi Oy,2985702-4,200104236001595699,14 pv netto
4,104236,Rakennusmoodi Oy,134141,,,2026-05-25 00:00:00,2026-06-08 00:00:00,2026-05-25 09:01:29,17.0,0.0,2,Hyväksytty,Rakennusmoodi Oy,2985702-4,200104236001597040,14 pv netto
5,102780,Suomen Palokatko ja Saumaus Oy,105389,,,2025-06-25 00:00:00,2025-07-09 00:00:00,2025-06-25 17:57:23,312.15,0.0,2,Hyväksytty,Suomen Palokatko ja Saumaus Oy,2468760-1,200102780001428845,14 pv netto
5,102780,Suomen Palokatko ja Saumaus Oy,106554,,,2025-07-11 00:00:00,2025-07-25 00:00:00,2025-07-11 11:41:09,81.0,0.0,2,Hyväksytty,Suomen Palokatko ja Saumaus Oy,2468760-1,200102780001435456,14 pv netto
5,102780,Suomen Palokatko ja Saumaus Oy,107071,,,2025-07-17 00:00:00,2025-07-31 00:00:00,2025-07-17 15:11:35,128.45,0.0,2,Hyväksytty,Suomen Palokatko ja Saumaus Oy,2468760-1,200102780001438602,14 pv netto
5,102780,Suomen Palokatko ja Saumaus Oy,107306,,,2025-07-22 00:00:00,2025-08-05 00:00:00,2025-07-22 14:55:06,342.2,0.0,2,Hyväksytty,Suomen Palokatko ja Saumaus Oy,2468760-1,200102780001439627,14 pv netto
5,102780,Suomen Palokatko ja Saumaus Oy,109774,,,2025-08-26 00:00:00,2025-09-09 00:00:00,2025-08-26 19:36:51,104.0,0.0,2,Hyväksytty,Suomen Palokatko ja Saumaus Oy,2468760-1,200102780001450596,14 pv netto
5,102780,Suomen Palokatko ja Saumaus Oy,109830,,,2025-08-27 00:00:00,2025-09-10 00:00:00,2025-08-27 12:42:53,243.8,0.0,2,Hyväksytty,Suomen Palokatko ja Saumaus Oy,2468760-1,200102780001450949,14 pv netto
5,102780,Suomen Palokatko ja Saumaus Oy,110621,,,2025-09-04 00:00:00,2025-09-18 00:00:00,2025-09-04 18:26:16,130.0,0.0,2,Hyväksytty,Suomen Palokatko ja Saumaus Oy,2468760-1,200102780001455164,14 pv netto
5,102780,Suomen Palokatko ja Saumaus Oy,110969,,,2025-09-10 00:00:00,2025-09-24 00:00:00,2025-09-10 14:20:02,235.5,0.0,2,Hyväksytty,Suomen Palokatko ja Saumaus Oy,2468760-1,200102780001456451,14 pv netto
5,102780,Suomen Palokatko ja Saumaus Oy,111037,,,2025-09-11 00:00:00,2025-09-25 00:00:00,2025-09-11 14:41:38,81.0,0.0,2,Hyväksytty,Suomen Palokatko ja Saumaus Oy,2468760-1,200102780001456723,14 pv netto
5,102780,Suomen Palokatko ja Saumaus Oy,111156,,,2025-09-15 00:00:00,2025-09-29 00:00:00,2025-09-15 10:27:10,96.0,0.0,2,Hyväksytty,Suomen Palokatko ja Saumaus Oy,2468760-1,200102780001457094,14 pv netto
5,102780,Suomen Palokatko ja Saumaus Oy,111160,,,2025-09-15 00:00:00,2025-09-29 00:00:00,2025-09-15 11:25:28,236.5,0.0,2,Hyväksytty,Suomen Palokatko ja Saumaus Oy,2468760-1,200102780001457117,14 pv netto
5,102780,Suomen Palokatko ja Saumaus Oy,111465,,,2025-09-17 00:00:00,2025-10-01 00:00:00,2025-09-17 13:00:20,107.0,0.0,2,Hyväksytty,Suomen Palokatko ja Saumaus Oy,2468760-1,200102780001459157,14 pv netto
5,102780,Suomen Palokatko ja Saumaus Oy,111480,,,2025-09-17 00:00:00,2025-10-01 00:00:00,2025-09-17 14:14:27,263.6,0.0,2,Hyväksytty,Suomen Palokatko ja Saumaus Oy,2468760-1,200102780001459186,14 pv netto
5,102780,Suomen Palokatko ja Saumaus Oy,112719,,,2025-10-06 00:00:00,2025-10-20 00:00:00,2025-10-06 09:21:04,208.8,0.0,2,Hyväksytty,Suomen Palokatko ja Saumaus Oy,2468760-1,200102780001465769,14 pv netto
5,102780,Suomen Palokatko ja Saumaus Oy,113062,,,2025-10-09 00:00:00,2025-10-23 00:00:00,2025-10-09 17:54:05,143.4,0.0,2,Hyväksytty,Suomen Palokatko ja Saumaus Oy,2468760-1,200102780001467233,14 pv netto
5,102780,Suomen Palokatko ja Saumaus Oy,113190,,,2025-10-13 00:00:00,2025-10-27 00:00:00,2025-10-13 11:38:10,94.4,0.0,2,Hyväksytty,Suomen Palokatko ja Saumaus Oy,2468760-1,200102780001467783,14 pv netto
5,102780,Suomen Palokatko ja Saumaus Oy,113745,,,2025-10-20 00:00:00,2025-11-03 00:00:00,2025-10-20 09:45:49,117.4,0.0,2,Hyväksytty,Suomen Palokatko ja Saumaus Oy,2468760-1,200102780001470547,14 pv netto
5,102780,Suomen Palokatko ja Saumaus Oy,113946,,,2025-10-22 00:00:00,2025-11-05 00:00:00,2025-10-22 11:10:21,218.4,0.0,2,Hyväksytty,Suomen Palokatko ja Saumaus Oy,2468760-1,200102780001471355,14 pv netto
5,102780,Suomen Palokatko ja Saumaus Oy,114199,,,2025-10-24 00:00:00,2025-11-07 00:00:00,2025-10-24 13:36:30,68.4,0.0,2,Hyväksytty,Suomen Palokatko ja Saumaus Oy,2468760-1,200102780001473036,14 pv netto
5,102780,Suomen Palokatko ja Saumaus Oy,114346,,,2025-10-27 00:00:00,2025-11-10 00:00:00,2025-10-27 16:16:17,88.4,0.0,2,Hyväksytty,Suomen Palokatko ja Saumaus Oy,2468760-1,200102780001473939,14 pv netto
5,102780,Suomen Palokatko ja Saumaus Oy,115706,,,2025-11-11 00:00:00,2025-11-25 00:00:00,2025-11-11 14:13:40,117.4,0.0,2,Hyväksytty,Suomen Palokatko ja Saumaus Oy,2468760-1,200102780001482027,14 pv netto
5,102780,Suomen Palokatko ja Saumaus Oy,116326,,,2025-11-17 00:00:00,2025-12-01 00:00:00,2025-11-17 16:15:47,91.4,0.0,2,Hyväksytty,Suomen Palokatko ja Saumaus Oy,2468760-1,200102780001486230,14 pv netto
5,102780,Suomen Palokatko ja Saumaus Oy,116534,,,2025-11-19 00:00:00,2025-12-03 00:00:00,2025-11-19 12:58:20,94.0,0.0,2,Hyväksytty,Suomen Palokatko ja Saumaus Oy,2468760-1,200102780001487514,14 pv netto
5,102780,Suomen Palokatko ja Saumaus Oy,116738,,,2025-11-21 00:00:00,2025-12-05 00:00:00,2025-11-21 11:01:10,212.9,0.0,2,Hyväksytty,Suomen Palokatko ja Saumaus Oy,2468760-1,200102780001488801,14 pv netto
5,102780,Suomen Palokatko ja Saumaus Oy,116802,,,2025-11-21 00:00:00,2025-12-05 00:00:00,2025-11-21 17:03:29,88.4,0.0,2,Hyväksytty,Suomen Palokatko ja Saumaus Oy,2468760-1,200102780001489266,14 pv netto
5,102780,Suomen Palokatko ja Saumaus Oy,116910,,,2025-11-24 00:00:00,2025-12-08 00:00:00,2025-11-24 15:51:54,94.0,0.0,2,Hyväksytty,Suomen Palokatko ja Saumaus Oy,2468760-1,200102780001490048,14 pv netto
5,102780,Suomen Palokatko ja Saumaus Oy,117965,,,2025-12-05 00:00:00,2025-12-19 00:00:00,2025-12-05 13:46:52,245.8,0.0,2,Hyväksytty,Suomen Palokatko ja Saumaus Oy,2468760-1,200102780001496819,14 pv netto
5,102780,Suomen Palokatko ja Saumaus Oy,118465,,,2025-12-11 00:00:00,2026-01-16 00:00:00,2026-01-08 14:02:49,114.4,0.0,2,Hyväksytty,Suomen Palokatko ja Saumaus Oy,2468760-1,200102780001499858,14 pv netto
5,102780,Suomen Palokatko ja Saumaus Oy,118595,,,2025-12-12 00:00:00,2026-01-16 00:00:00,2026-01-08 14:03:22,130.4,0.0,2,Hyväksytty,Suomen Palokatko ja Saumaus Oy,2468760-1,200102780001500637,14 pv netto
5,102780,Suomen Palokatko ja Saumaus Oy,120600,,,2026-01-09 00:00:00,2026-01-23 00:00:00,2026-01-09 12:37:43,429.3,0.0,2,Hyväksytty,Suomen Palokatko ja Saumaus Oy,2468760-1,200102780001512382,14 pv netto
5,102780,Suomen Palokatko ja Saumaus Oy,121476,,,2026-01-19 00:00:00,2026-02-02 00:00:00,2026-01-19 15:32:40,141.8,0.0,2,Hyväksytty,Suomen Palokatko ja Saumaus Oy,2468760-1,200102780001517442,14 pv netto
5,102780,Suomen Palokatko ja Saumaus Oy,121552,,,2026-01-20 00:00:00,2026-02-03 00:00:00,2026-01-22 12:41:02,465.95,0.0,2,Hyväksytty,Suomen Palokatko ja Saumaus Oy,2468760-1,200102780001517840,14 pv netto
5,102780,Suomen Palokatko ja Saumaus Oy,121558,,,2026-01-20 00:00:00,2026-02-03 00:00:00,2026-01-20 13:40:15,37.5,0.0,2,Hyväksytty,Suomen Palokatko ja Saumaus Oy,2468760-1,200102780001517879,14 pv netto
5,102780,Suomen Palokatko ja Saumaus Oy,121735,,,2026-01-22 00:00:00,2026-02-05 00:00:00,2026-01-22 10:42:31,281.49,0.0,2,Hyväksytty,Suomen Palokatko ja Saumaus Oy,2468760-1,200102780001518768,14 pv netto
5,102780,Suomen Palokatko ja Saumaus Oy,121748,,,2026-01-22 00:00:00,2026-01-22 00:00:00,2026-01-22 12:41:06,-465.95,0.0,2,Hyväksytty,Suomen Palokatko ja Saumaus Oy,2468760-1,200102780001518784,
5,102780,Suomen Palokatko ja Saumaus Oy,121800,,,2026-01-22 00:00:00,2026-02-05 00:00:00,2026-01-22 18:10:50,279.4,0.0,2,Hyväksytty,Suomen Palokatko ja Saumaus Oy,2468760-1,200102780001518962,14 pv netto
5,102780,Suomen Palokatko ja Saumaus Oy,121810,,,2026-01-22 00:00:00,2026-02-05 00:00:00,2026-01-22 19:19:49,60.8,0.0,2,Hyväksytty,Suomen Palokatko ja Saumaus Oy,2468760-1,200102780001519026,14 pv netto
5,102780,Suomen Palokatko ja Saumaus Oy,122008,,,2026-01-26 00:00:00,2026-02-09 00:00:00,2026-01-26 11:58:07,154.8,0.0,2,Hyväksytty,Suomen Palokatko ja Saumaus Oy,2468760-1,200102780001520374,14 pv netto
5,102780,Suomen Palokatko ja Saumaus Oy,122875,,,2026-02-04 00:00:00,2026-02-18 00:00:00,2026-02-04 18:52:46,141.8,0.0,2,Hyväksytty,Suomen Palokatko ja Saumaus Oy,2468760-1,200102780001524943,14 pv netto
5,102780,Suomen Palokatko ja Saumaus Oy,122933,,,2026-02-05 00:00:00,2026-02-19 00:00:00,2026-02-05 12:59:25,57.0,0.0,2,Hyväksytty,Suomen Palokatko ja Saumaus Oy,2468760-1,200102780001525256,14 pv netto
5,102780,Suomen Palokatko ja Saumaus Oy,123935,,,2026-02-17 00:00:00,2026-03-03 00:00:00,2026-02-17 14:10:01,570.0,0.0,2,Hyväksytty,Suomen Palokatko ja Saumaus Oy,2468760-1,200102780001531855,14 pv netto
5,102780,Suomen Palokatko ja Saumaus Oy,124000,,,2026-02-18 00:00:00,2026-03-04 00:00:00,2026-02-18 10:02:50,83.0,0.0,2,Hyväksytty,Suomen Palokatko ja Saumaus Oy,2468760-1,200102780001532320,14 pv netto
5,102780,Suomen Palokatko ja Saumaus Oy,124030,,,2026-02-18 00:00:00,2026-03-04 00:00:00,2026-02-18 14:13:22,63.8,0.0,2,Hyväksytty,Suomen Palokatko ja Saumaus Oy,2468760-1,200102780001532498,14 pv netto
5,102780,Suomen Palokatko ja Saumaus Oy,124788,,,2026-02-27 00:00:00,2026-02-27 00:00:00,2026-02-27 13:03:22,0.0,0.0,2,Hyväksytty,Suomen Palokatko ja Saumaus Oy,2468760-1,200102780001537079,
5,102780,Suomen Palokatko ja Saumaus Oy,125372,,,2026-03-04 00:00:00,2026-03-18 00:00:00,2026-03-04 17:59:08,264.4,0.0,2,Hyväksytty,Suomen Palokatko ja Saumaus Oy,2468760-1,200102780001540642,14 pv netto
5,102780,Suomen Palokatko ja Saumaus Oy,125686,,,2026-03-09 00:00:00,2026-03-23 00:00:00,2026-03-09 15:43:30,131.8,0.0,2,Hyväksytty,Suomen Palokatko ja Saumaus Oy,2468760-1,200102780001542446,14 pv netto
5,102780,Suomen Palokatko ja Saumaus Oy,125704,,,2026-03-09 00:00:00,2026-03-23 00:00:00,2026-03-09 19:30:47,60.8,0.0,2,Hyväksytty,Suomen Palokatko ja Saumaus Oy,2468760-1,200102780001542488,14 pv netto
5,102780,Suomen Palokatko ja Saumaus Oy,125762,,,2026-03-10 00:00:00,2026-03-24 00:00:00,2026-03-10 11:05:50,80.0,0.0,2,Hyväksytty,Suomen Palokatko ja Saumaus Oy,2468760-1,200102780001542844,14 pv netto
5,102780,Suomen Palokatko ja Saumaus Oy,125807,,,2026-03-10 00:00:00,2026-03-24 00:00:00,2026-03-10 15:45:15,278.8,0.0,2,Hyväksytty,Suomen Palokatko ja Saumaus Oy,2468760-1,200102780001543050,14 pv netto
5,102780,Suomen Palokatko ja Saumaus Oy,125905,,,2026-03-11 00:00:00,2026-03-25 00:00:00,2026-03-11 15:44:45,429.0,0.0,2,Hyväksytty,Suomen Palokatko ja Saumaus Oy,2468760-1,200102780001543607,14 pv netto
5,102780,Suomen Palokatko ja Saumaus Oy,126130,,,2026-03-13 00:00:00,2026-03-27 00:00:00,2026-03-13 15:25:16,83.8,0.0,2,Hyväksytty,Suomen Palokatko ja Saumaus Oy,2468760-1,200102780001544745,14 pv netto
5,102780,Suomen Palokatko ja Saumaus Oy,130475,,,2026-04-20 00:00:00,2026-05-04 00:00:00,2026-04-20 12:50:36,481.77,0.0,2,Hyväksytty,Suomen Palokatko ja Saumaus Oy,2468760-1,200102780001574333,14 pv netto
5,102780,Suomen Palokatko ja Saumaus Oy,132376,,,2026-05-08 00:00:00,2026-05-22 00:00:00,2026-05-08 09:05:35,90.8,0.0,2,Hyväksytty,Suomen Palokatko ja Saumaus Oy,2468760-1,200102780001585432,14 pv netto
5,102780,Suomen Palokatko ja Saumaus Oy,132909,,,2026-05-13 00:00:00,2026-05-27 00:00:00,2026-05-13 14:11:38,339.75,0.0,2,Hyväksytty,Suomen Palokatko ja Saumaus Oy,2468760-1,200102780001588646,14 pv netto
5,102780,Suomen Palokatko ja Saumaus Oy,133343,,,2026-05-18 00:00:00,2026-06-01 00:00:00,2026-05-18 01:26:40,1572.0,0.0,2,Hyväksytty,Suomen Palokatko ja Saumaus Oy,2468760-1,200102780001591992,14 pv netto
5,102780,Suomen Palokatko ja Saumaus Oy,134484,,,2026-05-27 00:00:00,2026-06-10 00:00:00,2026-05-27 16:37:45,200.5,0.0,2,Hyväksytty,Suomen Palokatko ja Saumaus Oy,2468760-1,200102780001598775,14 pv netto
6,105845,Real Clean Finland Oy,103788,,,2025-05-30 00:00:00,2025-06-13 00:00:00,2025-05-30 15:05:05,351.05,0.0,2,Hyväksytty,Real Clean Finland Oy,2290300-8,200105845001421739,14 pv netto
6,105845,Real Clean Finland Oy,103821,,,2025-05-30 00:00:00,2025-06-13 00:00:00,2025-05-30 20:39:18,68.0,0.0,2,Hyväksytty,Real Clean Finland Oy,2290300-8,200105845001421810,14 pv netto
6,105845,Real Clean Finland Oy,104019,,,2025-06-02 00:00:00,2025-06-16 00:00:00,2025-06-02 16:18:24,142.75,0.0,2,Hyväksytty,Real Clean Finland Oy,2290300-8,200105845001423452,14 pv netto
6,105845,Real Clean Finland Oy,104548,,,2025-06-12 00:00:00,2025-06-26 00:00:00,2025-06-12 09:10:33,170.0,0.0,2,Hyväksytty,Real Clean Finland Oy,2290300-8,200105845001424914,14 pv netto
6,105845,Real Clean Finland Oy,104750,,,2025-06-16 00:00:00,2025-06-30 00:00:00,2025-06-16 15:17:01,306.36,0.0,2,Hyväksytty,Real Clean Finland Oy,2290300-8,200105845001425638,14 pv netto
6,105845,Real Clean Finland Oy,105017,,,2025-06-18 00:00:00,2025-07-02 00:00:00,2025-06-18 14:45:59,117.0,0.0,2,Hyväksytty,Real Clean Finland Oy,2290300-8,200105845001427283,14 pv netto
6,105845,Real Clean Finland Oy,105041,,,2025-06-18 00:00:00,2025-07-02 00:00:00,2025-06-18 19:35:48,145.0,0.0,2,Hyväksytty,Real Clean Finland Oy,2290300-8,200105845001427348,14 pv netto
6,105845,Real Clean Finland Oy,105460,,,2025-06-25 00:00:00,2025-07-09 00:00:00,2025-06-26 19:36:33,217.8,0.0,2,Hyväksytty,Real Clean Finland Oy,2290300-8,200105845001429045,14 pv netto
6,105845,Real Clean Finland Oy,105461,,,2025-06-26 00:00:00,2025-07-10 00:00:00,2025-06-26 19:37:15,218.75,0.0,2,Hyväksytty,Real Clean Finland Oy,2290300-8,200105845001429058,14 pv netto
6,105845,Real Clean Finland Oy,105762,,,2025-07-01 00:00:00,2025-07-15 00:00:00,2025-07-01 12:46:42,167.75,0.0,2,Hyväksytty,Real Clean Finland Oy,2290300-8,200105845001431020,14 pv netto
6,105845,Real Clean Finland Oy,106249,,,2025-07-07 00:00:00,2025-07-21 00:00:00,2025-07-07 12:27:57,135.75,0.0,2,Hyväksytty,Real Clean Finland Oy,2290300-8,200105845001434056,14 pv netto
6,105845,Real Clean Finland Oy,107154,,,2025-07-18 00:00:00,2025-08-01 00:00:00,2025-07-18 12:12:13,154.0,0.0,2,Hyväksytty,Real Clean Finland Oy,2290300-8,200105845001439103,14 pv netto
6,105845,Real Clean Finland Oy,109877,,,2025-08-27 00:00:00,2025-09-10 00:00:00,2025-08-27 18:16:49,78.0,0.0,2,Hyväksytty,Real Clean Finland Oy,2290300-8,200105845001451181,14 pv netto
6,105845,Real Clean Finland Oy,109960,,,2025-08-28 00:00:00,2025-09-11 00:00:00,2025-08-28 17:14:02,81.0,0.0,2,Hyväksytty,Real Clean Finland Oy,2290300-8,200105845001451563,14 pv netto
6,105845,Real Clean Finland Oy,110442,,,2025-09-02 00:00:00,2025-09-16 00:00:00,2025-09-02 18:06:08,106.75,0.0,2,Hyväksytty,Real Clean Finland Oy,2290300-8,200105845001454515,14 pv netto
6,105845,Real Clean Finland Oy,110913,,,2025-09-09 00:00:00,2025-09-23 00:00:00,2025-09-09 18:20:34,81.0,0.0,2,Hyväksytty,Real Clean Finland Oy,2290300-8,200105845001456238,14 pv netto
6,105845,Real Clean Finland Oy,110953,,,2025-09-10 00:00:00,2025-09-24 00:00:00,2025-09-10 12:53:17,107.0,0.0,2,Hyväksytty,Real Clean Finland Oy,2290300-8,200105845001456377,14 pv netto
6,105845,Real Clean Finland Oy,111646,,,2025-09-18 00:00:00,2025-10-02 00:00:00,2025-09-18 14:28:43,180.0,0.0,2,Hyväksytty,Real Clean Finland Oy,2290300-8,200105845001460198,14 pv netto
6,105845,Real Clean Finland Oy,111825,,,2025-09-22 00:00:00,2025-10-06 00:00:00,2025-09-22 17:21:21,81.0,0.0,2,Hyväksytty,Real Clean Finland Oy,2290300-8,200105845001460910,14 pv netto
6,105845,Real Clean Finland Oy,112349,,,2025-10-01 00:00:00,2025-10-15 00:00:00,2025-10-01 12:29:49,313.4,0.0,2,Hyväksytty,Real Clean Finland Oy,2290300-8,200105845001463496,14 pv netto
6,105845,Real Clean Finland Oy,112921,,,2025-10-07 00:00:00,2025-10-21 00:00:00,2025-10-07 18:33:05,65.4,0.0,2,Hyväksytty,Real Clean Finland Oy,2290300-8,200105845001466613,14 pv netto
6,105845,Real Clean Finland Oy,113300,,,2025-10-14 00:00:00,2025-10-28 00:00:00,2025-10-14 14:15:14,265.3,0.0,2,Hyväksytty,Real Clean Finland Oy,2290300-8,200105845001468226,14 pv netto
6,105845,Real Clean Finland Oy,114156,,,2025-10-23 00:00:00,2025-11-06 00:00:00,2025-10-23 18:29:27,697.9,0.0,2,Hyväksytty,Real Clean Finland Oy,2290300-8,200105845001472759,14 pv netto
6,105845,Real Clean Finland Oy,114431,,,2025-10-28 00:00:00,2025-11-11 00:00:00,2025-10-28 12:39:52,96.41,0.0,2,Hyväksytty,Real Clean Finland Oy,2290300-8,200105845001474294,14 pv netto
6,105845,Real Clean Finland Oy,115364,,,2025-11-06 00:00:00,2025-11-20 00:00:00,2025-11-06 14:53:38,96.41,0.0,2,Hyväksytty,Real Clean Finland Oy,2290300-8,200105845001479875,14 pv netto
6,105845,Real Clean Finland Oy,115969,,,2025-11-13 00:00:00,2025-11-27 00:00:00,2025-11-13 18:40:10,89.4,0.0,2,Hyväksytty,Real Clean Finland Oy,2290300-8,200105845001483502,14 pv netto
6,105845,Real Clean Finland Oy,116398,,,2025-11-18 00:00:00,2025-12-02 00:00:00,2025-11-18 10:42:53,202.8,0.0,2,Hyväksytty,Real Clean Finland Oy,2290300-8,200105845001486583,14 pv netto
6,105845,Real Clean Finland Oy,116749,,,2025-11-21 00:00:00,2025-12-05 00:00:00,2025-11-21 12:40:28,161.4,0.0,2,Hyväksytty,Real Clean Finland Oy,2290300-8,200105845001488879,14 pv netto
6,105845,Real Clean Finland Oy,116911,,,2025-11-24 00:00:00,2025-12-08 00:00:00,2025-11-24 15:53:04,89.4,0.0,2,Hyväksytty,Real Clean Finland Oy,2290300-8,200105845001490058,14 pv netto
6,105845,Real Clean Finland Oy,117980,,,2025-12-05 00:00:00,2025-12-19 00:00:00,2025-12-05 14:50:01,65.4,0.0,2,Hyväksytty,Real Clean Finland Oy,2290300-8,200105845001496900,14 pv netto
6,105845,Real Clean Finland Oy,118694,,,2025-12-15 00:00:00,2025-12-15 00:00:00,2025-12-15 14:08:47,0.0,0.0,2,Hyväksytty,Real Clean Finland Oy,2290300-8,200105845001501235,
6,105845,Real Clean Finland Oy,119159,,,2025-12-17 00:00:00,2025-12-31 00:00:00,2025-12-17 15:08:37,72.0,0.0,2,Hyväksytty,Real Clean Finland Oy,2290300-8,200105845001504805,14 pv netto
6,105845,Real Clean Finland Oy,119544,,,2025-12-22 00:00:00,2026-01-05 00:00:00,2025-12-22 14:20:00,134.4,0.0,2,Hyväksytty,Real Clean Finland Oy,2290300-8,200105845001507103,14 pv netto
6,105845,Real Clean Finland Oy,120123,,,2026-01-02 00:00:00,2026-01-16 00:00:00,2026-01-02 12:41:54,472.6,0.0,2,Hyväksytty,Real Clean Finland Oy,2290300-8,200105845001510080,14 pv netto
6,105845,Real Clean Finland Oy,120138,,,2026-01-02 00:00:00,2026-01-02 00:00:00,2026-01-02 12:42:00,-472.6,0.0,2,Hyväksytty,Real Clean Finland Oy,2290300-8,200105845001510129,
6,105845,Real Clean Finland Oy,120163,,,2026-01-02 00:00:00,2026-01-16 00:00:00,2026-01-02 15:22:47,298.6,0.0,2,Hyväksytty,Real Clean Finland Oy,2290300-8,200105845001510174,14 pv netto
6,105845,Real Clean Finland Oy,120500,,,2026-01-08 00:00:00,2026-01-22 00:00:00,2026-01-08 13:37:11,165.2,0.0,2,Hyväksytty,Real Clean Finland Oy,2290300-8,200105845001511924,14 pv netto
6,105845,Real Clean Finland Oy,121864,,,2026-01-23 00:00:00,2026-02-06 00:00:00,2026-01-23 12:20:12,255.4,0.0,2,Hyväksytty,Real Clean Finland Oy,2290300-8,200105845001519434,14 pv netto
6,105845,Real Clean Finland Oy,122172,,,2026-01-27 00:00:00,2026-02-10 00:00:00,2026-01-27 19:38:19,150.3,0.0,2,Hyväksytty,Real Clean Finland Oy,2290300-8,200105845001520944,14 pv netto
6,105845,Real Clean Finland Oy,122410,,,2026-01-30 00:00:00,2026-02-13 00:00:00,2026-01-30 14:26:26,93.0,0.0,2,Hyväksytty,Real Clean Finland Oy,2290300-8,200105845001522243,14 pv netto
6,105845,Real Clean Finland Oy,124416,,,2026-02-23 00:00:00,2026-03-09 00:00:00,2026-02-23 14:48:57,283.6,0.0,2,Hyväksytty,Real Clean Finland Oy,2290300-8,200105845001534972,14 pv netto
6,105845,Real Clean Finland Oy,124826,,,2026-02-27 00:00:00,2026-03-13 00:00:00,2026-02-27 15:34:06,724.1,0.0,2,Hyväksytty,Real Clean Finland Oy,2290300-8,200105845001537209,14 pv netto
6,105845,Real Clean Finland Oy,125373,,,2026-03-04 00:00:00,2026-03-18 00:00:00,2026-03-04 18:02:11,87.8,0.0,2,Hyväksytty,Real Clean Finland Oy,2290300-8,200105845001540652,14 pv netto
6,105845,Real Clean Finland Oy,125544,,,2026-03-06 00:00:00,2026-03-20 00:00:00,2026-03-06 18:52:32,167.29,0.0,2,Hyväksytty,Real Clean Finland Oy,2290300-8,200105845001541444,14 pv netto
6,105845,Real Clean Finland Oy,125986,,,2026-03-12 00:00:00,2026-03-26 00:00:00,2026-03-12 10:52:58,182.4,0.0,2,Hyväksytty,Real Clean Finland Oy,2290300-8,200105845001544014,14 pv netto
6,105845,Real Clean Finland Oy,126694,,,2026-03-18 00:00:00,2026-04-01 00:00:00,2026-03-18 08:04:51,2268.0,0.0,2,Hyväksytty,Real Clean Finland Oy,2290300-8,200105845001548858,14 pv netto
6,105845,Real Clean Finland Oy,126760,,,2026-03-18 00:00:00,2026-04-01 00:00:00,2026-03-18 16:11:03,60.8,0.0,2,Hyväksytty,Real Clean Finland Oy,2290300-8,200105845001549116,14 pv netto
6,105845,Real Clean Finland Oy,127210,,,2026-03-23 00:00:00,2026-04-06 00:00:00,2026-03-23 14:56:39,150.6,0.0,2,Hyväksytty,Real Clean Finland Oy,2290300-8,200105845001551971,14 pv netto
6,105845,Real Clean Finland Oy,127321,,,2026-03-24 00:00:00,2026-04-07 00:00:00,2026-03-24 15:55:50,60.8,0.0,2,Hyväksytty,Real Clean Finland Oy,2290300-8,200105845001552598,14 pv netto
6,105845,Real Clean Finland Oy,127697,,,2026-03-27 00:00:00,2026-04-10 00:00:00,2026-03-27 17:56:07,90.8,0.0,2,Hyväksytty,Real Clean Finland Oy,2290300-8,200105845001554428,14 pv netto
6,105845,Real Clean Finland Oy,132445,,,2026-05-08 00:00:00,2026-05-22 00:00:00,2026-05-08 14:59:43,213.2,0.0,2,Hyväksytty,Real Clean Finland Oy,2290300-8,200105845001585798,14 pv netto
7,105047,Asbeston Oü,104890,,,2025-06-17 00:00:00,2025-07-01 00:00:00,2025-06-17 08:16:38,378.0,0.0,2,Hyväksytty,Asbeston Oü sivuliike Suomessa,3339030-8,200105047001426901,14 pv netto
7,105047,Asbeston Oü,105922,,,2025-07-01 00:00:00,2025-07-15 00:00:00,2025-07-01 17:00:21,589.5,0.0,2,Hyväksytty,Asbeston Oü sivuliike Suomessa,3339030-8,200105047001432403,14 pv netto
7,105047,Asbeston Oü,106932,,,2025-07-16 00:00:00,2025-07-30 00:00:00,2025-07-16 17:00:18,643.9,0.0,2,Hyväksytty,Asbeston Oü sivuliike Suomessa,3339030-8,200105047001437505,14 pv netto
7,105047,Asbeston Oü,108030,,,2025-08-01 00:00:00,2025-08-15 00:00:00,2025-08-01 17:00:13,1282.4,0.0,2,Hyväksytty,Asbeston Oü sivuliike Suomessa,3339030-8,200105047001442891,14 pv netto
7,105047,Asbeston Oü,108980,,,2025-08-16 00:00:00,2025-08-30 00:00:00,2025-08-16 17:00:12,284.6,0.0,2,Hyväksytty,Asbeston Oü sivuliike Suomessa,3339030-8,200105047001446473,14 pv netto
7,105047,Asbeston Oü,110290,,,2025-09-01 00:00:00,2025-09-15 00:00:00,2025-09-01 17:00:20,37.75,0.0,2,Hyväksytty,Asbeston Oü sivuliike Suomessa,3339030-8,200105047001453725,14 pv netto
7,105047,Asbeston Oü,111466,,,2025-09-17 00:00:00,2025-10-01 00:00:00,2025-09-17 13:06:11,212.0,0.0,2,Hyväksytty,Asbeston Oü,3339030-8,200105047001459169,14 pv netto
7,105047,Asbeston Oü,112468,,,2025-10-01 00:00:00,2025-10-15 00:00:00,2025-10-01 17:00:22,1665.4,0.0,2,Hyväksytty,Asbeston Oü,3339030-8,200105047001464565,14 pv netto
7,105047,Asbeston Oü,113570,,,2025-10-16 00:00:00,2025-10-30 00:00:00,2025-10-16 17:00:15,642.6,0.0,2,Hyväksytty,Asbeston Oü,3339030-8,200105047001469489,14 pv netto
7,105047,Asbeston Oü,116185,,,2025-11-16 00:00:00,2025-11-30 00:00:00,2025-11-16 17:00:15,195.0,0.0,2,Hyväksytty,Asbeston Oü,3339030-8,200105047001485162,14 pv netto
7,105047,Asbeston Oü,117556,,,2025-12-01 00:00:00,2025-12-15 00:00:00,2025-12-01 17:00:27,1289.8,0.0,2,Hyväksytty,Asbeston Oü,3339030-8,200105047001494603,14 pv netto
7,105047,Asbeston Oü,125443,,,2026-03-05 00:00:00,2026-03-19 00:00:00,2026-03-05 15:27:49,264.0,0.0,2,Hyväksytty,Asbeston Oü,3339030-8,200105047001540984,14 pv netto
7,105047,Asbeston Oü,126487,,,2026-03-16 00:00:00,2026-03-30 00:00:00,2026-03-16 17:00:28,219.5,0.0,2,Hyväksytty,Asbeston Oü,3339030-8,200105047001547411,14 pv netto
7,105047,Asbeston Oü,128368,,,2026-04-01 00:00:00,2026-04-15 00:00:00,2026-04-01 17:00:23,383.37,13.77,2,Hyväksytty,Asbeston Oü,3339030-8,200105047001559674,14 pv netto
7,105047,Asbeston Oü,133170,,,2026-05-16 00:00:00,2026-05-30 00:00:00,2026-05-16 09:07:39,1272.0,0.0,2,Hyväksytty,Asbeston Oü,3339030-8,200105047001590264,14 pv netto
7,105047,Asbeston Oü,133237,,,2026-05-16 00:00:00,2026-05-30 00:00:00,2026-05-16 17:00:14,491.0,0.0,2,Hyväksytty,Asbeston Oü,3339030-8,200105047001590934,14 pv netto
8,102685,Restolution Oy,103858,,,2025-06-01 00:00:00,2025-06-15 00:00:00,2025-06-01 17:00:14,3660.5,0.0,2,Hyväksytty,Restolution Oy,2927511-2,200102685001422179,14 pv netto
8,102685,Restolution Oy,104795,,,2025-06-16 00:00:00,2025-06-30 00:00:00,2025-06-16 17:00:14,313.5,0.0,2,Hyväksytty,Restolution Oy,2927511-2,200102685001426049,14 pv netto
8,102685,Restolution Oy,113540,,,2025-10-16 00:00:00,2025-10-30 00:00:00,2025-10-16 17:00:10,102.0,0.0,2,Hyväksytty,Restolution Oy,2927511-2,200102685001469187,14 pv netto
8,102685,Restolution Oy,114845,,,2025-11-01 00:00:00,2025-11-15 00:00:00,2025-11-01 17:00:10,1065.0,0.0,2,Hyväksytty,Restolution Oy,2927511-2,200102685001476772,14 pv netto
8,102685,Restolution Oy,123756,,,2026-02-16 00:00:00,2026-03-02 00:00:00,2026-02-16 17:00:10,27.0,0.0,2,Hyväksytty,Restolution Oy,2927511-2,200102685001530485,14 pv netto
8,102685,Restolution Oy,128801,,,2026-04-01 00:00:00,2026-04-15 00:00:00,2026-04-01 17:01:24,67.77,13.77,2,Hyväksytty,Restolution Oy,2927511-2,200102685001564008,14 pv netto
8,102685,Restolution Oy,133176,,,2026-05-16 00:00:00,2026-05-30 00:00:00,2026-05-16 17:00:06,310.5,0.0,2,Hyväksytty,Restolution Oy,2927511-2,200102685001590328,14 pv netto
8,102685,Restolution Oy,134100,,,2026-05-24 00:00:00,2026-06-07 00:00:00,2026-05-24 01:04:38,3185.0,0.0,2,Hyväksytty,Restolution Oy,2927511-2,200102685001596665,14 pv netto
9,103045,Savarus Oy,104055,,,2025-06-03 00:00:00,2025-06-17 00:00:00,2025-06-03 12:34:54,765.05,155.45,2,Hyväksytty,Savarus Oy,2833625-1,200103045001423526,14 pv netto
9,103045,Savarus Oy,106758,,,2025-07-15 00:00:00,2025-07-29 00:00:00,2025-07-15 16:03:00,382.52,77.72,2,Hyväksytty,Savarus Oy,2833625-1,200103045001436335,14 pv netto
9,103045,Savarus Oy,110332,,,2025-09-01 00:00:00,2025-09-15 00:00:00,2025-09-01 17:00:26,81.4,0.0,2,Hyväksytty,Savarus Oy,2833625-1,200103045001454142,14 pv netto
9,103045,Savarus Oy,110914,,,2025-09-09 00:00:00,2025-09-23 00:00:00,2025-09-09 18:20:44,637.54,129.54,2,Hyväksytty,Savarus Oy,2833625-1,200103045001456247,14 pv netto
9,103045,Savarus Oy,113914,,,2025-10-21 00:00:00,2025-11-04 00:00:00,2025-10-23 15:01:50,1275.08,259.08,2,Hyväksytty,Savarus Oy,2833625-1,200103045001471196,14 pv netto
9,103045,Savarus Oy,114140,,,2025-10-23 00:00:00,2025-10-23 00:00:00,2025-10-23 15:01:57,-1275.08,-259.08,2,Hyväksytty,Savarus Oy,2833625-1,200103045001472632,
9,103045,Savarus Oy,114142,,,2025-10-23 00:00:00,2025-11-06 00:00:00,2025-10-23 15:12:02,1147.57,233.17,2,Hyväksytty,Savarus Oy,2833625-1,200103045001472645,14 pv netto
9,103045,Savarus Oy,115637,,,2025-11-10 00:00:00,2025-11-24 00:00:00,2025-11-10 17:03:03,1147.57,233.17,2,Hyväksytty,Savarus Oy,2833625-1,200103045001481607,14 pv netto
9,103045,Savarus Oy,117686,,,2025-12-02 00:00:00,2025-12-16 00:00:00,2025-12-02 17:03:24,382.52,77.72,2,Hyväksytty,Savarus Oy,2833625-1,200103045001495334,14 pv netto
9,103045,Savarus Oy,121333,,,2026-01-16 00:00:00,2026-01-30 00:00:00,2026-01-16 17:00:13,118.1,0.0,2,Hyväksytty,Savarus Oy,2833625-1,200103045001516530,14 pv netto
9,103045,Savarus Oy,122554,,,2026-02-01 00:00:00,2026-02-15 00:00:00,2026-02-01 17:00:20,262.8,0.0,2,Hyväksytty,Savarus Oy,2833625-1,200103045001523507,14 pv netto
9,103045,Savarus Oy,124991,,,2026-03-01 00:00:00,2026-03-15 00:00:00,2026-03-01 17:00:25,60.0,0.0,2,Hyväksytty,Savarus Oy,2833625-1,200103045001538563,14 pv netto
9,103045,Savarus Oy,127426,,,2026-03-25 00:00:00,2026-04-08 00:00:00,2026-03-27 10:05:26,574.37,0.0,2,Hyväksytty,Savarus Oy,2833625-1,200103045001553030,14 pv netto
9,103045,Savarus Oy,127638,,,2026-03-27 00:00:00,2026-03-27 00:00:00,2026-03-27 10:05:32,-659.57,0.0,2,Hyväksytty,Savarus Oy,2833625-1,200103045001554204,
9,103045,Savarus Oy,128859,,,2026-04-01 00:00:00,2026-04-15 00:00:00,2026-04-02 15:52:42,610.37,0.0,2,Hyväksytty,Savarus Oy,2833625-1,200103045001564582,14 pv netto
9,103045,Savarus Oy,129337,,,2026-04-08 00:00:00,2026-04-22 00:00:00,2026-04-15 11:25:26,695.57,0.0,2,Hyväksytty,Savarus Oy,2833625-1,200103045001567602,14 pv netto
9,103045,Savarus Oy,129921,,,2026-04-15 00:00:00,2026-04-15 00:00:00,2026-04-15 11:25:30,-695.57,0.0,2,Hyväksytty,Savarus Oy,2833625-1,200103045001570592,
9,103045,Savarus Oy,129960,,,2026-04-15 00:00:00,2026-04-29 00:00:00,2026-04-15 17:00:11,614.1,0.0,2,Hyväksytty,Savarus Oy,2833625-1,200103045001570712,14 pv netto
9,103045,Savarus Oy,130520,,,2026-04-20 00:00:00,2026-05-04 00:00:00,2026-04-20 17:00:09,187.0,0.0,2,Hyväksytty,Savarus Oy,2833625-1,200103045001574585,14 pv netto
9,103045,Savarus Oy,133264,,,2026-05-16 00:00:00,2026-05-30 00:00:00,2026-05-16 17:00:22,2262.7,0.0,2,Hyväksytty,Savarus Oy,2833625-1,200103045001591209,14 pv netto
10,101109,Medimatkat OY,104778,,,2025-06-16 00:00:00,2025-06-30 00:00:00,2025-06-16 17:00:12,136.0,0.0,2,Hyväksytty,Medimatkat OY,2611608-7,200101109001425873,14 pv netto
10,101109,Medimatkat OY,108963,,,2025-08-16 00:00:00,2025-08-30 00:00:00,2025-08-16 17:00:10,204.0,0.0,2,Hyväksytty,Medimatkat OY,2611608-7,200101109001446302,14 pv netto
10,101109,Medimatkat OY,110203,,,2025-09-01 00:00:00,2025-09-15 00:00:00,2025-09-01 17:00:11,323.0,0.0,2,Hyväksytty,Medimatkat OY,2611608-7,200101109001452859,14 pv netto
10,101109,Medimatkat OY,111322,,,2025-09-16 00:00:00,2025-09-30 00:00:00,2025-09-16 17:00:16,94.0,0.0,2,Hyväksytty,Medimatkat OY,2611608-7,200101109001457980,14 pv netto
10,101109,Medimatkat OY,112388,,,2025-10-01 00:00:00,2025-10-15 00:00:00,2025-10-23 09:58:44,8691.5,0.0,2,Hyväksytty,Medimatkat OY,2611608-7,200101109001463767,14 pv netto
10,101109,Medimatkat OY,114059,,,2025-10-23 00:00:00,2025-10-23 00:00:00,2025-10-23 09:58:49,-8691.5,0.0,2,Hyväksytty,Medimatkat OY,2611608-7,200101109001472075,
10,101109,Medimatkat OY,114060,,,2025-10-23 00:00:00,2025-11-06 00:00:00,2025-10-23 10:00:00,6627.5,0.0,2,Hyväksytty,Medimatkat OY,2611608-7,200101109001472088,14 pv netto
10,101109,Medimatkat OY,114830,,,2025-11-01 00:00:00,2025-11-15 00:00:00,2025-11-01 17:00:08,94.0,0.0,2,Hyväksytty,Medimatkat OY,2611608-7,200101109001476628,14 pv netto
10,101109,Medimatkat OY,120049,,,2025-12-31 00:00:00,2026-01-14 00:00:00,2025-12-31 17:00:06,146.0,0.0,2,Hyväksytty,Medimatkat OY,2611608-7,200101109001509469,14 pv netto
10,101109,Medimatkat OY,122505,,,2026-02-01 00:00:00,2026-02-15 00:00:00,2026-02-01 17:00:12,83.0,0.0,2,Hyväksytty,Medimatkat OY,2611608-7,200101109001523018,14 pv netto
10,101109,Medimatkat OY,123799,,,2026-02-16 00:00:00,2026-03-02 00:00:00,2026-02-16 17:00:16,76.0,0.0,2,Hyväksytty,Medimatkat OY,2611608-7,200101109001530917,14 pv netto
10,101109,Medimatkat OY,124943,,,2026-03-01 00:00:00,2026-03-15 00:00:00,2026-03-01 17:00:17,77.0,0.0,2,Hyväksytty,Medimatkat OY,2611608-7,200101109001538087,14 pv netto
10,101109,Medimatkat OY,126422,,,2026-03-16 00:00:00,2026-03-30 00:00:00,2026-03-16 17:00:24,146.8,0.0,2,Hyväksytty,Medimatkat OY,2611608-7,200101109001546765,14 pv netto
10,101109,Medimatkat OY,128708,,,2026-04-01 00:00:00,2026-04-15 00:00:00,2026-04-01 17:01:18,143.0,0.0,2,Hyväksytty,Medimatkat OY,2611608-7,200101109001563078,14 pv netto
10,101109,Medimatkat OY,131670,,,2026-05-01 00:00:00,2026-05-15 00:00:00,2026-05-01 17:00:16,204.0,0.0,2,Hyväksytty,Medimatkat OY,2611608-7,200101109001581393,14 pv netto
10,101109,Medimatkat OY,133214,,,2026-05-16 00:00:00,2026-05-30 00:00:00,2026-05-16 17:00:12,36.0,0.0,2,Hyväksytty,Medimatkat OY,2611608-7,200101109001590708,14 pv netto
11,100523,MirLux Oy,103842,,,2025-06-01 00:00:00,2025-06-15 00:00:00,2025-06-01 17:00:12,1671.75,0.0,2,Hyväksytty,MirLux Oy,2678051-9,200100523001422013,14 pv netto
11,100523,MirLux Oy,104773,,,2025-06-16 00:00:00,2025-06-30 00:00:00,2025-06-16 17:00:12,103.75,0.0,2,Hyväksytty,MirLux Oy,2678051-9,200100523001425829,14 pv netto
11,100523,MirLux Oy,105873,,,2025-07-01 00:00:00,2025-07-15 00:00:00,2025-07-01 17:00:17,25.75,0.0,2,Hyväksytty,MirLux Oy,2678051-9,200100523001431910,14 pv netto
11,100523,MirLux Oy,106887,,,2025-07-16 00:00:00,2025-07-30 00:00:00,2025-07-16 17:00:12,335.5,0.0,2,Hyväksytty,MirLux Oy,2678051-9,200100523001437053,14 pv netto
11,100523,MirLux Oy,108959,,,2025-08-16 00:00:00,2025-08-30 00:00:00,2025-08-16 17:00:09,193.0,0.0,2,Hyväksytty,MirLux Oy,2678051-9,200100523001446264,14 pv netto
11,100523,MirLux Oy,110193,,,2025-09-01 00:00:00,2025-09-15 00:00:00,2025-09-01 17:00:10,188.5,0.0,2,Hyväksytty,MirLux Oy,2678051-9,200100523001452753,14 pv netto
11,100523,MirLux Oy,111315,,,2025-09-16 00:00:00,2025-09-30 00:00:00,2025-09-16 17:00:15,152.0,0.0,2,Hyväksytty,MirLux Oy,2678051-9,200100523001457910,14 pv netto
11,100523,MirLux Oy,112379,,,2025-10-01 00:00:00,2025-10-15 00:00:00,2025-10-01 17:00:14,98.0,0.0,2,Hyväksytty,MirLux Oy,2678051-9,200100523001463674,14 pv netto
11,100523,MirLux Oy,113532,,,2025-10-16 00:00:00,2025-10-30 00:00:00,2025-10-16 17:00:09,1037.9,0.0,2,Hyväksytty,MirLux Oy,2678051-9,200100523001469102,14 pv netto
11,100523,MirLux Oy,114818,,,2025-11-01 00:00:00,2025-11-15 00:00:00,2025-11-01 17:00:07,104.0,0.0,2,Hyväksytty,MirLux Oy,2678051-9,200100523001476506,14 pv netto
11,100523,MirLux Oy,116143,,,2025-11-16 00:00:00,2025-11-30 00:00:00,2025-11-16 17:00:12,774.13,0.0,2,Hyväksytty,MirLux Oy,2678051-9,200100523001484747,14 pv netto
11,100523,MirLux Oy,121286,,,2026-01-16 00:00:00,2026-01-30 00:00:00,2026-01-16 17:00:05,213.2,0.0,2,Hyväksytty,MirLux Oy,2678051-9,200100523001516068,14 pv netto
11,100523,MirLux Oy,122499,,,2026-02-01 00:00:00,2026-02-15 00:00:00,2026-02-01 17:00:12,63.8,0.0,2,Hyväksytty,MirLux Oy,2678051-9,200100523001522955,14 pv netto
11,100523,MirLux Oy,123501,,,2026-02-13 00:00:00,2026-02-27 00:00:00,2026-02-13 09:51:10,1888.0,0.0,2,Hyväksytty,MirLux Oy,2678051-9,200100523001528551,14 pv netto
11,100523,MirLux Oy,123791,,,2026-02-16 00:00:00,2026-03-02 00:00:00,2026-02-16 17:00:16,116.8,0.0,2,Hyväksytty,MirLux Oy,2678051-9,200100523001530837,14 pv netto
11,100523,MirLux Oy,124937,,,2026-03-01 00:00:00,2026-03-15 00:00:00,2026-03-01 17:00:16,492.8,0.0,2,Hyväksytty,MirLux Oy,2678051-9,200100523001538020,14 pv netto
11,100523,MirLux Oy,126412,,,2026-03-16 00:00:00,2026-03-30 00:00:00,2026-03-16 17:00:23,96.0,0.0,2,Hyväksytty,MirLux Oy,2678051-9,200100523001546669,14 pv netto
11,100523,MirLux Oy,128680,,,2026-04-01 00:00:00,2026-04-15 00:00:00,2026-04-01 17:01:17,185.57,13.77,2,Hyväksytty,MirLux Oy,2678051-9,200100523001562795,14 pv netto
11,100523,MirLux Oy,131666,,,2026-05-01 00:00:00,2026-05-15 00:00:00,2026-05-01 17:00:15,353.2,0.0,2,Hyväksytty,MirLux Oy,2678051-9,200100523001581352,14 pv netto
11,100523,MirLux Oy,133208,,,2026-05-16 00:00:00,2026-05-30 00:00:00,2026-05-16 17:00:11,153.8,0.0,2,Hyväksytty,MirLux Oy,2678051-9,200100523001590644,14 pv netto
12,106931,Heavy service oü,106951,,,2025-07-16 00:00:00,2025-07-30 00:00:00,2025-07-16 17:00:21,835.0,0.0,2,Hyväksytty,Heavy service oü,3465806-2,200106931001437694,14 pv netto
12,106931,Heavy service oü,108986,,,2025-08-16 00:00:00,2025-08-30 00:00:00,2025-08-16 17:00:13,37.75,0.0,2,Hyväksytty,Heavy service oü,3465806-2,200106931001446533,14 pv netto
12,106931,Heavy service oü,110323,,,2025-09-01 00:00:00,2025-09-15 00:00:00,2025-09-01 17:00:23,339.0,0.0,2,Hyväksytty,Heavy service oü,3465806-2,200106931001454059,14 pv netto
12,106931,Heavy service oü,111386,,,2025-09-16 00:00:00,2025-09-30 00:00:00,2025-09-16 17:00:25,1041.25,0.0,2,Hyväksytty,Heavy service oü,3465806-2,200106931001458628,14 pv netto
12,106931,Heavy service oü,112506,,,2025-10-01 00:00:00,2025-10-15 00:00:00,2025-10-01 17:00:26,1671.0,0.0,2,Hyväksytty,Heavy service oü,3465806-2,200106931001464942,14 pv netto
12,106931,Heavy service oü,113591,,,2025-10-16 00:00:00,2025-10-30 00:00:00,2025-10-16 17:00:18,1059.5,0.0,2,Hyväksytty,Heavy service oü,3465806-2,200106931001469691,14 pv netto
12,106931,Heavy service oü,114968,,,2025-11-01 00:00:00,2025-11-15 00:00:00,2025-11-01 17:00:20,914.9,0.0,2,Hyväksytty,Heavy service oü,3465806-2,200106931001478006,14 pv netto
12,106931,Heavy service oü,116194,,,2025-11-16 00:00:00,2025-11-30 00:00:00,2025-11-16 17:00:16,342.5,0.0,2,Hyväksytty,Heavy service oü,3465806-2,200106931001485251,14 pv netto
12,106931,Heavy service oü,117567,,,2025-12-01 00:00:00,2025-12-15 00:00:00,2025-12-01 17:00:27,387.0,0.0,2,Hyväksytty,Heavy service oü,3465806-2,200106931001494718,14 pv netto
12,106931,Heavy service oü,117764,,,2025-12-03 00:00:00,2025-12-17 00:00:00,2025-12-09 14:22:40,118.41,0.0,2,Hyväksytty,Heavy service oü,3465806-2,200106931001495746,14 pv netto
12,106931,Heavy service oü,118246,,,2025-12-09 00:00:00,2025-12-09 00:00:00,2025-12-09 14:22:43,-118.41,0.0,2,Hyväksytty,Heavy service oü,3465806-2,200106931001498581,
12,106931,Heavy service oü,121327,,,2026-01-16 00:00:00,2026-01-30 00:00:00,2026-01-16 17:00:09,156.9,0.0,2,Hyväksytty,Heavy service oü,3465806-2,200106931001516476,14 pv netto
12,106931,Heavy service oü,123318,,,2026-02-11 00:00:00,2026-02-25 00:00:00,2026-02-12 14:21:16,105.41,0.0,2,Hyväksytty,Heavy service oü,3465806-2,200106931001527481,14 pv netto
12,106931,Heavy service oü,123427,,,2026-02-12 00:00:00,2026-02-26 00:00:00,2026-02-12 11:32:47,858.0,0.0,2,Hyväksytty,Heavy service oü,3465806-2,200106931001528134,14 pv netto
12,106931,Heavy service oü,123454,,,2026-02-12 00:00:00,2026-02-12 00:00:00,2026-02-12 14:21:19,-105.41,0.0,2,Hyväksytty,Heavy service oü,3465806-2,200106931001528257,
12,106931,Heavy service oü,124976,,,2026-03-01 00:00:00,2026-03-15 00:00:00,2026-03-01 17:00:21,138.5,0.0,2,Hyväksytty,Heavy service oü,3465806-2,200106931001538412,14 pv netto
12,106931,Heavy service oü,126501,,,2026-03-16 00:00:00,2026-03-30 00:00:00,2026-03-16 17:00:29,175.4,0.0,2,Hyväksytty,Heavy service oü,3465806-2,200106931001547555,14 pv netto
12,106931,Heavy service oü,128627,,,2026-04-01 00:00:00,2026-04-15 00:00:00,2026-04-01 17:01:14,132.27,13.77,2,Hyväksytty,Heavy service oü,3465806-2,200106931001562268,14 pv netto
12,106931,Heavy service oü,131920,,,2026-05-05 00:00:00,2026-05-19 00:00:00,2026-05-05 08:33:39,138.0,0.0,2,Hyväksytty,Heavy service oü,3465806-2,200106931001583218,14 pv netto
13,105554,DATE TRANS Oy,104034,,,2025-06-02 00:00:00,2025-06-16 00:00:00,2025-06-02 19:57:45,81.0,0.0,2,Hyväksytty,DATE TRANS Oy,2170523-7,200105554001423507,14 pv netto
13,105554,DATE TRANS Oy,105511,,,2025-06-27 00:00:00,2025-07-11 00:00:00,2025-06-27 12:19:09,63.5,0.0,2,Hyväksytty,DATE TRANS Oy,2170523-7,200105554001429404,14 pv netto
13,105554,DATE TRANS Oy,107193,,,2025-07-18 00:00:00,2025-08-01 00:00:00,2025-07-18 16:43:25,1625.43,0.0,2,Hyväksytty,DATE TRANS Oy,2170523-7,200105554001439313,14 pv netto
13,105554,DATE TRANS Oy,108626,,,2025-08-11 00:00:00,2025-08-25 00:00:00,2025-08-11 17:43:06,107.0,0.0,2,Hyväksytty,DATE TRANS Oy,2170523-7,200105554001445365,14 pv netto
13,105554,DATE TRANS Oy,108634,,,2025-08-11 00:00:00,2025-08-25 00:00:00,2025-08-11 19:11:59,145.0,0.0,2,Hyväksytty,DATE TRANS Oy,2170523-7,200105554001445394,14 pv netto
13,105554,DATE TRANS Oy,109449,,,2025-08-21 00:00:00,2025-09-04 00:00:00,2025-08-21 18:53:56,27.8,0.0,2,Hyväksytty,DATE TRANS Oy,2170523-7,200105554001449219,14 pv netto
13,105554,DATE TRANS Oy,109742,,,2025-08-26 00:00:00,2025-09-09 00:00:00,2025-08-26 17:20:37,162.4,0.0,2,Hyväksytty,DATE TRANS Oy,2170523-7,200105554001450444,14 pv netto
13,105554,DATE TRANS Oy,110048,,,2025-08-29 00:00:00,2025-09-12 00:00:00,2025-08-29 16:02:56,93.75,0.0,2,Hyväksytty,DATE TRANS Oy,2170523-7,200105554001451948,14 pv netto
13,105554,DATE TRANS Oy,111501,,,2025-09-17 00:00:00,2025-10-01 00:00:00,2025-09-17 15:21:57,71.0,0.0,2,Hyväksytty,DATE TRANS Oy,2170523-7,200105554001459306,14 pv netto
13,105554,DATE TRANS Oy,113976,,,2025-10-22 00:00:00,2025-11-05 00:00:00,2025-10-22 12:18:33,69.0,0.0,2,Hyväksytty,DATE TRANS Oy,2170523-7,200105554001471559,14 pv netto
13,105554,DATE TRANS Oy,115130,,,2025-11-04 00:00:00,2025-11-04 00:00:00,2025-11-04 12:37:30,0.0,0.0,2,Hyväksytty,DATE TRANS Oy,2170523-7,200105554001478837,
13,105554,DATE TRANS Oy,115344,,,2025-11-06 00:00:00,2025-11-20 00:00:00,2025-11-06 12:38:47,312.0,0.0,2,Hyväksytty,DATE TRANS Oy,2170523-7,200105554001479807,14 pv netto
13,105554,DATE TRANS Oy,119121,,,2025-12-17 00:00:00,2025-12-31 00:00:00,2025-12-17 13:36:25,65.4,0.0,2,Hyväksytty,DATE TRANS Oy,2170523-7,200105554001504471,14 pv netto
13,105554,DATE TRANS Oy,120960,,,2026-01-14 00:00:00,2026-01-28 00:00:00,2026-01-14 14:46:38,1344.0,0.0,2,Hyväksytty,DATE TRANS Oy,2170523-7,200105554001514050,14 pv netto
13,105554,DATE TRANS Oy,124242,,,2026-02-20 00:00:00,2026-03-06 00:00:00,2026-02-20 14:41:16,96.6,0.0,2,Hyväksytty,DATE TRANS Oy,2170523-7,200105554001533837,14 pv netto
13,105554,DATE TRANS Oy,124633,,,2026-02-25 00:00:00,2026-03-11 00:00:00,2026-02-25 19:02:41,153.6,0.0,2,Hyväksytty,DATE TRANS Oy,2170523-7,200105554001536135,14 pv netto
13,105554,DATE TRANS Oy,125256,,,2026-03-03 00:00:00,2026-03-17 00:00:00,2026-03-03 17:55:02,60.8,0.0,2,Hyväksytty,DATE TRANS Oy,2170523-7,200105554001540066,14 pv netto
13,105554,DATE TRANS Oy,126795,,,2026-03-19 00:00:00,2026-04-02 00:00:00,2026-03-19 00:24:49,1356.0,0.0,2,Hyväksytty,DATE TRANS Oy,2170523-7,200105554001549229,14 pv netto
13,105554,DATE TRANS Oy,127317,,,2026-03-24 00:00:00,2026-04-07 00:00:00,2026-03-24 15:19:43,166.0,0.0,2,Hyväksytty,DATE TRANS Oy,2170523-7,200105554001552562,14 pv netto
13,105554,DATE TRANS Oy,127569,,,2026-03-26 00:00:00,2026-04-09 00:00:00,2026-03-26 15:49:55,117.8,0.0,2,Hyväksytty,DATE TRANS Oy,2170523-7,200105554001553710,14 pv netto
13,105554,DATE TRANS Oy,127646,,,2026-03-27 00:00:00,2026-04-10 00:00:00,2026-03-27 10:43:19,80.0,0.0,2,Hyväksytty,DATE TRANS Oy,2170523-7,200105554001554227,14 pv netto
13,105554,DATE TRANS Oy,127818,,,2026-03-30 00:00:00,2026-04-13 00:00:00,2026-03-30 11:58:21,257.8,0.0,2,Hyväksytty,DATE TRANS Oy,2170523-7,200105554001555394,14 pv netto
13,105554,DATE TRANS Oy,127838,,,2026-03-30 00:00:00,2026-04-13 00:00:00,2026-03-30 14:01:44,83.0,0.0,2,Hyväksytty,DATE TRANS Oy,2170523-7,200105554001555543,14 pv netto
13,105554,DATE TRANS Oy,129157,,,2026-04-07 00:00:00,2026-04-21 00:00:00,2026-04-07 09:36:42,398.78,0.0,2,Hyväksytty,DATE TRANS Oy,2170523-7,200105554001566765,14 pv netto
13,105554,DATE TRANS Oy,129338,,,2026-04-08 00:00:00,2026-04-22 00:00:00,2026-04-08 15:52:31,490.47,0.0,2,Hyväksytty,DATE TRANS Oy,2170523-7,200105554001567612,14 pv netto
13,105554,DATE TRANS Oy,129766,,,2026-04-13 00:00:00,2026-04-27 00:00:00,2026-04-13 19:18:10,102.8,0.0,2,Hyväksytty,DATE TRANS Oy,2170523-7,200105554001569937,14 pv netto
13,105554,DATE TRANS Oy,132897,,,2026-05-13 00:00:00,2026-05-27 00:00:00,2026-05-13 13:43:26,299.0,0.0,2,Hyväksytty,DATE TRANS Oy,2170523-7,200105554001588552,14 pv netto
13,105554,DATE TRANS Oy,134002,,,2026-05-22 00:00:00,2026-06-05 00:00:00,2026-05-22 18:29:09,69.8,0.0,2,Hyväksytty,DATE TRANS Oy,2170523-7,200105554001595749,14 pv netto
13,105554,DATE TRANS Oy,134006,,,2026-05-22 00:00:00,2026-06-05 00:00:00,2026-05-22 19:06:01,63.8,0.0,2,Hyväksytty,DATE TRANS Oy,2170523-7,200105554001595752,14 pv netto
13,105554,DATE TRANS Oy,134215,,,2026-05-25 00:00:00,2026-06-08 00:00:00,2026-05-25 18:30:33,111.2,0.0,2,Hyväksytty,DATE TRANS Oy,2170523-7,200105554001597255,14 pv netto
14,103182,Ippon Group Oü,110165,,,2025-09-01 00:00:00,2025-09-15 00:00:00,2025-09-01 14:55:18,660.0,0.0,2,Hyväksytty,Ippon Group Oü,2912327-4,200103182001452599,14 pv netto
14,103182,Ippon Group Oü,110166,,,2025-09-01 00:00:00,2025-11-29 00:00:00,2025-09-01 14:56:27,660.0,0.0,2,Hyväksytty,Ippon Group Oü,2912327-4,200103182001452609,90 pv netto
14,103182,Ippon Group Oü,110168,,,2025-09-01 00:00:00,2026-02-27 00:00:00,2026-01-02 09:56:28,660.0,0.0,2,Hyväksytty,Ippon Group Oü,2912327-4,200103182001452612,180 pv netto
14,103182,Ippon Group Oü,110169,,,2025-09-01 00:00:00,2026-05-29 00:00:00,2026-01-02 09:54:26,660.0,0.0,2,Hyväksytty,Ippon Group Oü,2912327-4,200103182001452625,270 pv netto
14,103182,Ippon Group Oü,118583,,,2025-12-12 00:00:00,2025-12-12 00:00:00,2025-12-12 16:03:40,0.0,0.0,2,Hyväksytty,Ippon Group Oü,2912327-4,200103182001500593,
14,103182,Ippon Group Oü,120121,,,2026-01-02 00:00:00,2026-01-02 00:00:00,2026-01-02 09:54:29,-660.0,0.0,2,Hyväksytty,Ippon Group Oü,2912327-4,200103182001510062,
14,103182,Ippon Group Oü,120122,,,2026-01-02 00:00:00,2026-01-02 00:00:00,2026-01-02 09:56:32,-660.0,0.0,2,Hyväksytty,Ippon Group Oü,2912327-4,200103182001510075,
14,103182,Ippon Group Oü,120124,,,2026-01-02 00:00:00,2026-01-02 00:00:00,2026-01-02 10:07:08,1691.0,0.0,2,Hyväksytty,Ippon Group Oü,2912327-4,200103182001510091,Heti
14,103182,Ippon Group Oü,121239,,,2026-01-16 00:00:00,2026-01-30 00:00:00,2026-01-16 13:44:04,1691.0,0.0,2,Hyväksytty,Ippon Group Oü,2912327-4,200103182001515753,14 pv netto
14,103182,Ippon Group Oü,126790,,,2026-03-19 00:00:00,2026-04-02 00:00:00,2026-03-24 15:18:40,1691.68,0.0,2,Hyväksytty,Ippon Group Oü,2912327-4,200103182001549172,14 pv netto
14,103182,Ippon Group Oü,127315,,,2026-03-24 00:00:00,2026-03-24 00:00:00,2026-03-24 15:18:43,-1691.68,0.0,2,Hyväksytty,Ippon Group Oü,2912327-4,200103182001552541,
14,103182,Ippon Group Oü,127320,,,2026-03-24 00:00:00,2026-04-07 00:00:00,2026-03-24 15:46:49,1600.8,0.0,2,Hyväksytty,Ippon Group Oü,2912327-4,200103182001552583,14 pv netto
14,103182,Ippon Group Oü,130570,,,2026-04-20 00:00:00,2026-05-04 00:00:00,2026-04-20 22:25:44,1600.8,0.0,2,Hyväksytty,Ippon Group Oü,2912327-4,200103182001574972,14 pv netto
14,103182,Ippon Group Oü,130768,,,2026-04-22 00:00:00,2026-05-06 00:00:00,2026-04-22 18:07:20,1690.96,0.0,2,Hyväksytty,Ippon Group Oü,2912327-4,200103182001576048,14 pv netto
14,103182,Ippon Group Oü,130787,,,2026-04-22 00:00:00,2026-04-22 00:00:00,2026-04-22 18:07:29,-1690.96,0.0,2,Hyväksytty,Ippon Group Oü,2912327-4,200103182001576116,
14,103182,Ippon Group Oü,134266,,,2026-05-26 00:00:00,2026-05-26 00:00:00,2026-05-26 08:21:10,-1719.0,0.0,2,Hyväksytty,Ippon Group Oü,2912327-4,200103182001597661,
14,103182,Ippon Group Oü,134267,,,2026-05-26 00:00:00,2026-05-26 00:00:00,2026-05-26 08:21:45,-53.29,0.0,2,Hyväksytty,Ippon Group Oü,2912327-4,200103182001597674,
14,103182,Ippon Group Oü,134270,,,2026-05-26 00:00:00,2026-06-09 00:00:00,2026-05-26 08:31:41,22.58,0.0,2,Hyväksytty,Ippon Group Oü,2912327-4,200103182001597690,14 pv netto
14,103182,Ippon Group Oü,134271,,,2026-05-26 00:00:00,2026-06-09 00:00:00,2026-05-26 08:32:41,1701.0,0.0,2,Hyväksytty,Ippon Group Oü,2912327-4,200103182001597700,14 pv netto
15,101443,IC siivous Oy,105521,,,2025-06-27 00:00:00,2025-07-11 00:00:00,2025-06-27 12:59:58,624.6,0.0,2,Hyväksytty,Info-Controller Oy,2059341-3,200101443001429454,14 pv netto
15,101443,IC siivous Oy,105599,,,2025-06-30 00:00:00,2025-07-14 00:00:00,2025-06-30 08:40:58,1425.6,0.0,2,Hyväksytty,Info-Controller Oy,2059341-3,200101443001430029,14 pv netto
15,101443,IC siivous Oy,105600,,,2025-06-30 00:00:00,2025-09-28 00:00:00,2025-06-30 08:42:04,1425.6,0.0,2,Hyväksytty,Info-Controller Oy,2059341-3,200101443001430032,90 pv netto
15,101443,IC siivous Oy,105601,,,2025-06-30 00:00:00,2025-12-26 00:00:00,2025-06-30 08:42:54,1425.6,0.0,2,Hyväksytty,Info-Controller Oy,2059341-3,200101443001430045,180 pv netto
15,101443,IC siivous Oy,105602,,,2025-06-30 00:00:00,2026-03-26 00:00:00,2025-06-30 08:43:53,1425.6,0.0,2,Hyväksytty,Info-Controller Oy,2059341-3,200101443001430058,270 pv netto
15,101443,IC siivous Oy,109747,,,2025-08-26 00:00:00,2025-09-09 00:00:00,2025-08-26 17:31:42,20.0,0.0,2,Hyväksytty,Info-Controller Oy,2059341-3,200101443001450478,14 pv netto
15,101443,IC siivous Oy,112623,,,2025-10-03 00:00:00,2025-10-17 00:00:00,2025-10-03 08:35:26,71.4,0.0,2,Hyväksytty,Info-Controller Oy,2059341-3,200101443001465405,14 pv netto
15,101443,IC siivous Oy,114600,,,2025-10-29 00:00:00,2025-11-12 00:00:00,2025-10-29 19:40:51,99.41,0.0,2,Hyväksytty,Info-Controller Oy,2059341-3,200101443001475291,14 pv netto
15,101443,IC siivous Oy,116800,,,2025-11-21 00:00:00,2025-12-05 00:00:00,2025-11-21 17:00:51,183.4,0.0,2,Hyväksytty,Info-Controller Oy,2059341-3,200101443001489245,14 pv netto
15,101443,IC siivous Oy,117191,,,2025-11-27 00:00:00,2025-11-27 00:00:00,2025-11-27 15:13:14,0.0,0.0,2,Hyväksytty,Info-Controller Oy,2059341-3,200101443001491644,
15,101443,IC siivous Oy,117891,,,2025-12-04 00:00:00,2025-12-18 00:00:00,2025-12-04 14:23:06,101.0,0.0,2,Hyväksytty,Info-Controller Oy,2059341-3,200101443001496380,14 pv netto
15,101443,IC siivous Oy,118598,,,2025-12-12 00:00:00,2025-12-26 00:00:00,2025-12-12 18:33:47,142.8,0.0,2,Hyväksytty,Info-Controller Oy,2059341-3,200101443001500645,14 pv netto
15,101443,IC siivous Oy,119128,,,2025-12-17 00:00:00,2025-12-31 00:00:00,2025-12-17 14:16:22,15.0,0.0,2,Hyväksytty,Info-Controller Oy,2059341-3,200101443001504531,14 pv netto
15,101443,IC siivous Oy,120915,,,2026-01-14 00:00:00,2026-01-28 00:00:00,2026-01-14 12:11:24,100.06,0.0,2,Hyväksytty,Info-Controller Oy,2059341-3,200101443001513742,14 pv netto
15,101443,IC siivous Oy,121428,,,2026-01-19 00:00:00,2026-02-02 00:00:00,2026-01-19 10:25:27,97.0,0.0,2,Hyväksytty,Info-Controller Oy,2059341-3,200101443001517285,14 pv netto
15,101443,IC siivous Oy,124049,,,2026-02-18 00:00:00,2026-03-04 00:00:00,2026-02-18 19:32:41,165.6,0.0,2,Hyväksytty,IC siivous Oy,2059341-3,200101443001532574,14 pv netto
15,101443,IC siivous Oy,125257,,,2026-03-03 00:00:00,2026-03-17 00:00:00,2026-03-03 17:56:18,163.99,0.0,2,Hyväksytty,IC siivous Oy,2059341-3,200101443001540074,14 pv netto
15,101443,IC siivous Oy,127211,,,2026-03-23 00:00:00,2026-04-06 00:00:00,2026-03-23 14:58:59,63.8,0.0,2,Hyväksytty,IC siivous Oy,2059341-3,200101443001551982,14 pv netto
15,101443,IC siivous Oy,132918,,,2026-05-13 00:00:00,2026-05-27 00:00:00,2026-05-13 14:23:42,63.8,0.0,2,Hyväksytty,IC siivous Oy,2059341-3,200101443001588722,14 pv netto
15,101443,IC siivous Oy,134615,,,2026-05-28 00:00:00,2026-06-11 00:00:00,2026-05-28 23:45:39,99.0,0.0,2,Hyväksytty,IC siivous Oy,2059341-3,200101443001599465,14 pv netto
16,800051,Norre Työterveys Oulu Oy,105759,,,2025-07-01 00:00:00,2025-07-08 00:00:00,2025-07-01 12:40:35,1051.0,0.0,2,Hyväksytty,Norre Työterveys Oulu Oy,3341787-3,200800051001431012,7 pv netto
16,800051,Norre Työterveys Oulu Oy,107888,,,2025-08-01 00:00:00,2025-08-08 00:00:00,2025-08-01 11:18:21,699.75,0.0,2,Hyväksytty,Norre Työterveys Oulu Oy,3341787-3,200800051001441824,7 pv netto
16,800051,Norre Työterveys Oulu Oy,110556,,,2025-09-04 00:00:00,2025-09-11 00:00:00,2025-09-11 14:21:05,1467.0,0.0,2,Hyväksytty,Norre Työterveys Oulu Oy,3341787-3,200800051001454934,7 pv netto
16,800051,Norre Työterveys Oulu Oy,111033,,,2025-09-11 00:00:00,2025-09-11 00:00:00,2025-09-11 14:21:11,-1467.0,0.0,2,Hyväksytty,Norre Työterveys Oulu Oy,3341787-3,200800051001456699,
16,800051,Norre Työterveys Oulu Oy,111034,,,2025-09-11 00:00:00,2025-09-18 00:00:00,2025-09-11 14:24:48,1298.5,0.0,2,Hyväksytty,Norre Työterveys Oulu Oy,3341787-3,200800051001456709,7 pv netto
16,800051,Norre Työterveys Oulu Oy,113439,,,2025-10-16 00:00:00,2025-10-23 00:00:00,2025-10-16 09:57:43,637.5,0.0,2,Hyväksytty,Norre Työterveys Oulu Oy,3341787-3,200800051001468661,7 pv netto
16,800051,Norre Työterveys Oulu Oy,116511,,,2025-11-19 00:00:00,2025-11-26 00:00:00,2025-11-19 09:45:08,494.0,0.0,2,Hyväksytty,Norre Työterveys Oulu Oy,3341787-3,200800051001487370,7 pv netto
16,800051,Norre Työterveys Oulu Oy,121583,,,2026-01-20 00:00:00,2026-01-27 00:00:00,2026-01-28 14:36:42,577.2,0.0,2,Hyväksytty,Norre Työterveys Oulu Oy,3341787-3,200800051001518003,7 pv netto
16,800051,Norre Työterveys Oulu Oy,122224,,,2026-01-28 00:00:00,2026-01-28 00:00:00,2026-01-28 14:36:45,-577.2,0.0,2,Hyväksytty,Norre Työterveys Oulu Oy,3341787-3,200800051001521223,
16,800051,Norre Työterveys Oulu Oy,122225,,,2026-01-28 00:00:00,2026-02-04 00:00:00,2026-01-28 14:38:44,481.6,0.0,2,Hyväksytty,Norre Työterveys Oulu Oy,3341787-3,200800051001521236,7 pv netto
16,800051,Norre Työterveys Oulu Oy,127003,,,2026-03-20 00:00:00,2026-03-27 00:00:00,2026-03-20 09:58:34,594.0,0.0,2,Hyväksytty,Norre Työterveys Oulu Oy,3341787-3,200800051001550692,7 pv netto
16,800051,Norre Työterveys Oulu Oy,127004,,,2026-03-20 00:00:00,2026-03-27 00:00:00,2026-03-20 10:09:30,422.0,0.0,2,Hyväksytty,Norre Työterveys Oulu Oy,3341787-3,200800051001550702,7 pv netto
16,800051,Norre Työterveys Oulu Oy,130469,,,2026-04-20 00:00:00,2026-04-27 00:00:00,2026-04-20 12:35:09,1120.41,0.0,2,Hyväksytty,Norre Työterveys Oulu Oy,3341787-3,200800051001574296,7 pv netto
16,800051,Norre Työterveys Oulu Oy,133174,,,2026-05-16 00:00:00,2026-05-23 00:00:00,2026-05-16 12:45:02,634.0,0.0,2,Hyväksytty,Norre Työterveys Oulu Oy,3341787-3,200800051001590306,7 pv netto
17,106316,TA Haapaniemi Oy,106041,,,2025-07-03 00:00:00,2025-07-17 00:00:00,2025-07-03 08:59:40,1734.0,0.0,2,Hyväksytty,TA Haapaniemi Oy,3203880-4,200106316001433019,14 pv netto
17,106316,TA Haapaniemi Oy,106042,,,2025-07-03 00:00:00,2025-10-01 00:00:00,2025-07-03 09:00:07,1734.0,0.0,2,Hyväksytty,TA Haapaniemi Oy,3203880-4,200106316001433022,90 pv netto
17,106316,TA Haapaniemi Oy,106043,,,2025-07-03 00:00:00,2025-12-29 00:00:00,2025-07-03 09:00:33,1734.0,0.0,2,Hyväksytty,TA Haapaniemi Oy,3203880-4,200106316001433035,180 pv netto
17,106316,TA Haapaniemi Oy,106044,,,2025-07-03 00:00:00,2026-03-30 00:00:00,2025-07-03 09:00:56,1734.0,0.0,2,Hyväksytty,TA Haapaniemi Oy,3203880-4,200106316001433048,270 pv netto
17,106316,TA Haapaniemi Oy,111818,,,2025-09-22 00:00:00,2025-09-22 00:00:00,2025-09-22 15:46:57,0.0,0.0,2,Hyväksytty,TA Haapaniemi Oy,3203880-4,200106316001460875,
17,106316,TA Haapaniemi Oy,116046,,,2025-11-14 00:00:00,2025-11-28 00:00:00,2025-11-14 13:32:18,52.0,0.0,2,Hyväksytty,TA Haapaniemi Oy,3203880-4,200106316001484000,14 pv netto
17,106316,TA Haapaniemi Oy,116506,,,2025-11-19 00:00:00,2025-12-03 00:00:00,2025-11-19 08:28:01,328.5,0.0,2,Hyväksytty,TA Haapaniemi Oy,3203880-4,200106316001487337,14 pv netto
18,107885,Tampereen Tulkkikeskus Oy,119218,,,2025-12-18 00:00:00,2026-01-01 00:00:00,2025-12-18 00:05:00,1024.0,0.0,2,Hyväksytty,Tampereen Tulkkikeskus Oy,2036910-4,200107885001505105,14 pv netto
18,107885,Tampereen Tulkkikeskus Oy,120249,,,2025-12-31 00:00:00,2025-12-31 00:00:00,2026-01-05 12:24:22,0.0,0.0,2,Hyväksytty,Tampereen Tulkkikeskus Oy,2036910-4,200107885001510831,
18,107885,Tampereen Tulkkikeskus Oy,121366,,,2026-01-18 00:00:00,2026-02-01 00:00:00,2026-01-18 00:12:29,1024.0,0.0,2,Hyväksytty,Tampereen Tulkkikeskus Oy,2036910-4,200107885001516754,14 pv netto
18,107885,Tampereen Tulkkikeskus Oy,123585,,,2026-02-15 00:00:00,2026-03-01 00:00:00,2026-02-15 00:10:59,1024.0,0.0,2,Hyväksytty,Tampereen Tulkkikeskus Oy,2036910-4,200107885001529084,14 pv netto
18,107885,Tampereen Tulkkikeskus Oy,125912,,,2026-03-11 00:00:00,2026-03-25 00:00:00,2026-03-11 15:53:01,109.0,0.0,2,Hyväksytty,Tampereen Tulkkikeskus Oy,2036910-4,200107885001543675,14 pv netto
18,107885,Tampereen Tulkkikeskus Oy,126647,,,2026-03-18 00:00:00,2026-04-01 00:00:00,2026-03-18 00:39:51,1024.0,0.0,2,Hyväksytty,Tampereen Tulkkikeskus Oy,2036910-4,200107885001548382,14 pv netto
18,107885,Tampereen Tulkkikeskus Oy,130182,,,2026-04-17 00:00:00,2026-05-01 00:00:00,2026-04-17 00:34:51,1024.0,0.0,2,Hyväksytty,Tampereen Tulkkikeskus Oy,2036910-4,200107885001572196,14 pv netto
18,107885,Tampereen Tulkkikeskus Oy,130482,,,2026-04-20 00:00:00,2026-05-04 00:00:00,2026-04-20 12:59:42,254.4,0.0,2,Hyväksytty,Tampereen Tulkkikeskus Oy,2036910-4,200107885001574372,14 pv netto
18,107885,Tampereen Tulkkikeskus Oy,131933,,,2026-05-05 00:00:00,2026-05-19 00:00:00,2026-05-05 10:03:46,294.8,0.0,2,Hyväksytty,Tampereen Tulkkikeskus Oy,2036910-4,200107885001583266,14 pv netto
18,107885,Tampereen Tulkkikeskus Oy,132920,,,2026-05-13 00:00:00,2026-05-27 00:00:00,2026-05-13 14:26:58,475.5,0.0,2,Hyväksytty,Tampereen Tulkkikeskus Oy,2036910-4,200107885001588740,14 pv netto
18,107885,Tampereen Tulkkikeskus Oy,133293,,,2026-05-18 00:00:00,2026-06-01 00:00:00,2026-05-18 00:11:41,1024.0,0.0,2,Hyväksytty,Tampereen Tulkkikeskus Oy,2036910-4,200107885001591494,14 pv netto
19,107382,Valtsikan kyläkauppa,108144,,,2025-08-04 00:00:00,2025-08-06 00:00:00,2025-08-07 11:31:49,1550.0,0.0,2,Hyväksytty,Valtsikan kyläkauppa,3000828-1,200107382001443715,14 pv netto
19,107382,Valtsikan kyläkauppa,108145,,,2025-08-04 00:00:00,2025-11-01 00:00:00,2025-08-04 13:11:20,1550.0,0.0,2,Hyväksytty,Valtsikan kyläkauppa,3000828-1,200107382001443728,90 pv netto
19,107382,Valtsikan kyläkauppa,108146,,,2025-08-04 00:00:00,2026-01-30 00:00:00,2025-08-04 13:11:38,1550.0,0.0,2,Hyväksytty,Valtsikan kyläkauppa,3000828-1,200107382001443731,180 pv netto
19,107382,Valtsikan kyläkauppa,108147,,,2025-08-04 00:00:00,2026-05-01 00:00:00,2025-08-04 13:11:58,1550.0,0.0,2,Hyväksytty,Valtsikan kyläkauppa,3000828-1,200107382001443744,270 pv netto
19,107382,Valtsikan kyläkauppa,112002,,,2025-09-25 00:00:00,2025-10-09 00:00:00,2025-09-25 09:41:55,337.5,0.0,2,Hyväksytty,Valtsikan kyläkauppa,3000828-1,200107382001461917,14 pv netto
19,107382,Valtsikan kyläkauppa,117009,,,2025-11-25 00:00:00,2025-11-25 00:00:00,2025-11-25 14:15:21,0.0,0.0,2,Hyväksytty,Valtsikan kyläkauppa,3000828-1,200107382001490548,
19,107382,Valtsikan kyläkauppa,125911,,,2026-03-11 00:00:00,2026-03-25 00:00:00,2026-03-11 15:51:18,118.0,0.0,2,Hyväksytty,Valtsikan kyläkauppa,3000828-1,200107382001543660,14 pv netto
19,107382,Valtsikan kyläkauppa,131316,,,2026-04-28 00:00:00,2026-05-12 00:00:00,2026-04-28 15:46:36,140.5,0.0,2,Hyväksytty,Valtsikan kyläkauppa,3000828-1,200107382001579252,14 pv netto
19,107382,Valtsikan kyläkauppa,132901,,,2026-05-13 00:00:00,2026-05-27 00:00:00,2026-05-13 13:49:48,102.0,0.0,2,Hyväksytty,Valtsikan kyläkauppa,3000828-1,200107382001588586,14 pv netto
20,800009,Pohjola / OP Vakuutus,104021,,,2025-06-02 00:00:00,2025-08-01 00:00:00,2025-06-02 16:55:19,119.0,0.0,2,Hyväksytty,Pohjola / OP Vakuutus,,200800009001423467,60 pv netto
20,800009,Pohjola / OP Vakuutus,104466,,,2025-06-10 00:00:00,2025-08-09 00:00:00,2025-06-10 15:53:29,181.0,0.0,2,Hyväksytty,Pohjola / OP Vakuutus,,200800009001424644,60 pv netto
20,800009,Pohjola / OP Vakuutus,107229,,,2025-06-10 00:00:00,2025-08-09 00:00:00,2025-08-01 08:02:55,98.0,0.0,2,Hyväksytty,Pohjola / OP Vakuutus,,200800009001439370,60 pv netto
20,800009,Pohjola / OP Vakuutus,104529,,,2025-06-11 00:00:00,2025-08-10 00:00:00,2025-06-11 16:22:53,242.0,0.0,2,Hyväksytty,Pohjola / OP Vakuutus,,200800009001424848,60 pv netto
20,800009,Pohjola / OP Vakuutus,106634,,,2025-07-11 00:00:00,2025-09-09 00:00:00,2025-07-14 13:42:28,81.0,0.0,2,Hyväksytty,Pohjola / OP Vakuutus,,200800009001435701,60 pv netto
20,800009,Pohjola / OP Vakuutus,106766,,,2025-07-15 00:00:00,2025-09-13 00:00:00,2025-07-15 17:33:07,103.0,0.0,2,Hyväksytty,Pohjola / OP Vakuutus,,200800009001436344,60 pv netto
20,800009,Pohjola / OP Vakuutus,106775,,,2025-07-16 00:00:00,2025-09-14 00:00:00,2025-07-24 13:49:03,106.0,0.0,2,Hyväksytty,Pohjola / OP Vakuutus,,200800009001436373,60 pv netto
20,800009,Pohjola / OP Vakuutus,107252,,,2025-07-16 00:00:00,2025-09-14 00:00:00,2025-07-21 15:44:53,106.0,0.0,2,Hyväksytty,Pohjola / OP Vakuutus,,200800009001439448,60 pv netto
20,800009,Pohjola / OP Vakuutus,107432,,,2025-07-24 00:00:00,2025-07-24 00:00:00,2025-07-24 13:49:07,-106.0,0.0,2,Hyväksytty,Pohjola / OP Vakuutus,,200800009001439969,
20,800009,Pohjola / OP Vakuutus,107601,,,2025-07-28 00:00:00,2025-09-26 00:00:00,2025-07-28 17:27:49,144.0,0.0,2,Hyväksytty,Pohjola / OP Vakuutus,,200800009001440592,60 pv netto
20,800009,Pohjola / OP Vakuutus,116680,,,2025-07-28 00:00:00,2025-09-28 00:00:00,2025-11-21 09:45:23,144.0,0.0,2,Hyväksytty,Pohjola / OP Vakuutus,,200800009001488460,14 pv netto
20,800009,Pohjola / OP Vakuutus,116729,,,2025-07-28 00:00:00,2025-07-28 00:00:00,2025-11-21 09:45:28,-144.0,0.0,2,Hyväksytty,Pohjola / OP Vakuutus,,200800009001488787,
20,800009,Pohjola / OP Vakuutus,107871,,,2025-08-01 00:00:00,2025-08-01 00:00:00,2025-08-01 08:02:59,-98.0,0.0,2,Hyväksytty,Pohjola / OP Vakuutus,,200800009001441795,
20,800009,Pohjola / OP Vakuutus,109430,,,2025-08-21 00:00:00,2025-10-20 00:00:00,2025-08-21 14:38:16,164.0,0.0,2,Hyväksytty,Pohjola / OP Vakuutus,,200800009001449166,60 pv netto
20,800009,Pohjola / OP Vakuutus,112133,,,2025-08-22 00:00:00,2025-10-21 00:00:00,2025-09-26 15:25:15,304.6,0.0,2,Hyväksytty,Pohjola / OP Vakuutus,,200800009001462538,60 pv netto
20,800009,Pohjola / OP Vakuutus,109763,,,2025-08-26 00:00:00,2025-10-25 00:00:00,2025-08-26 19:00:50,144.0,0.0,2,Hyväksytty,Pohjola / OP Vakuutus,,200800009001450540,60 pv netto
20,800009,Pohjola / OP Vakuutus,112129,,,2025-09-01 00:00:00,2025-09-15 00:00:00,2025-09-26 15:06:54,71.0,0.0,2,Hyväksytty,Pohjola / OP Vakuutus,,200800009001462525,14 pv netto
20,800009,Pohjola / OP Vakuutus,110410,,,2025-09-02 00:00:00,2025-10-31 00:00:00,2025-09-02 15:08:41,147.0,0.0,2,Hyväksytty,Pohjola / OP Vakuutus,,200800009001454423,60 pv netto
20,800009,Pohjola / OP Vakuutus,115971,,,2025-09-02 00:00:00,2025-10-31 00:00:00,2025-11-13 19:08:33,68.0,0.0,2,Hyväksytty,Pohjola / OP Vakuutus,,200800009001483517,60 pv netto
20,800009,Pohjola / OP Vakuutus,110974,,,2025-09-10 00:00:00,2025-11-08 00:00:00,2025-09-15 14:08:53,147.0,0.0,2,Hyväksytty,Pohjola / OP Vakuutus,,200800009001456463,60 pv netto
20,800009,Pohjola / OP Vakuutus,111192,,,2025-09-15 00:00:00,2025-09-15 00:00:00,2025-09-15 14:08:56,-147.0,0.0,2,Hyväksytty,Pohjola / OP Vakuutus,,200800009001457323,
20,800009,Pohjola / OP Vakuutus,111204,,,2025-09-15 00:00:00,2025-11-13 00:00:00,2025-09-15 15:13:07,147.0,0.0,2,Hyväksytty,Pohjola / OP Vakuutus,,200800009001457417,60 pv netto
20,800009,Pohjola / OP Vakuutus,111735,,,2025-09-19 00:00:00,2025-11-17 00:00:00,2025-09-26 11:37:02,217.85,0.0,2,Hyväksytty,Pohjola / OP Vakuutus,,200800009001460556,60 pv netto
20,800009,Pohjola / OP Vakuutus,112091,,,2025-09-26 00:00:00,2025-09-26 00:00:00,2025-09-26 11:37:05,-217.85,0.0,2,Hyväksytty,Pohjola / OP Vakuutus,,200800009001462318,
20,800009,Pohjola / OP Vakuutus,112272,,,2025-09-30 00:00:00,2025-10-14 00:00:00,2025-09-30 12:38:16,189.0,0.0,2,Hyväksytty,Pohjola / OP Vakuutus,,200800009001463168,14 pv netto
20,800009,Pohjola / OP Vakuutus,116084,,,2025-10-07 00:00:00,2025-12-05 00:00:00,2025-11-14 18:19:03,148.0,0.0,2,Hyväksytty,Pohjola / OP Vakuutus,,200800009001484192,60 pv netto
20,800009,Pohjola / OP Vakuutus,113348,,,2025-10-15 00:00:00,2025-12-14 00:00:00,2025-10-15 08:31:59,144.0,0.0,2,Hyväksytty,Pohjola / OP Vakuutus,,200800009001468370,60 pv netto
20,800009,Pohjola / OP Vakuutus,114341,,,2025-10-27 00:00:00,2025-12-26 00:00:00,2026-02-02 15:31:24,124.0,0.0,2,Hyväksytty,Pohjola / OP Vakuutus,,200800009001473899,60 pv netto
20,800009,Pohjola / OP Vakuutus,115289,,,2025-11-05 00:00:00,2026-01-04 00:00:00,2025-11-05 15:38:16,144.0,0.0,2,Hyväksytty,Pohjola / OP Vakuutus,,200800009001479589,60 pv netto
20,800009,Pohjola / OP Vakuutus,115557,,,2025-11-10 00:00:00,2026-01-09 00:00:00,2025-11-10 09:59:18,144.0,0.0,2,Hyväksytty,Pohjola / OP Vakuutus,,200800009001481182,60 pv netto
20,800009,Pohjola / OP Vakuutus,115559,,,2025-11-10 00:00:00,2026-01-09 00:00:00,2025-11-10 10:06:42,71.0,0.0,2,Hyväksytty,Pohjola / OP Vakuutus,,200800009001481205,60 pv netto
20,800009,Pohjola / OP Vakuutus,115561,,,2025-11-10 00:00:00,2026-01-09 00:00:00,2025-11-10 10:13:44,230.0,0.0,2,Hyväksytty,Pohjola / OP Vakuutus,,200800009001481221,60 pv netto
20,800009,Pohjola / OP Vakuutus,115766,,,2025-11-12 00:00:00,2026-01-11 00:00:00,2025-11-12 09:12:27,331.0,0.0,2,Hyväksytty,Pohjola / OP Vakuutus,,200800009001482372,60 pv netto
20,800009,Pohjola / OP Vakuutus,115922,,,2025-11-13 00:00:00,2026-01-12 00:00:00,2025-11-13 13:49:46,194.7,0.0,2,Hyväksytty,Pohjola / OP Vakuutus,,200800009001483232,60 pv netto
20,800009,Pohjola / OP Vakuutus,115924,,,2025-11-13 00:00:00,2026-01-12 00:00:00,2025-11-13 13:59:40,60.0,0.0,2,Hyväksytty,Pohjola / OP Vakuutus,,200800009001483261,60 pv netto
20,800009,Pohjola / OP Vakuutus,115933,,,2025-11-13 00:00:00,2026-01-12 00:00:00,2025-11-13 14:23:28,128.0,0.0,2,Hyväksytty,Pohjola / OP Vakuutus,,200800009001483342,60 pv netto
20,800009,Pohjola / OP Vakuutus,116300,,,2025-11-17 00:00:00,2026-01-16 00:00:00,2025-11-17 14:51:45,242.0,0.0,2,Hyväksytty,Pohjola / OP Vakuutus,,200800009001485997,60 pv netto
20,800009,Pohjola / OP Vakuutus,116482,,,2025-11-18 00:00:00,2026-01-17 00:00:00,2026-01-16 19:41:49,37.5,0.0,2,Hyväksytty,Pohjola / OP Vakuutus,,200800009001487115,60 pv netto
20,800009,Pohjola / OP Vakuutus,116730,,,2025-11-21 00:00:00,2025-12-05 00:00:00,2025-11-21 09:47:42,144.0,0.0,2,Hyväksytty,Pohjola / OP Vakuutus,,200800009001488790,14 pv netto
20,800009,Pohjola / OP Vakuutus,116876,,,2025-11-24 00:00:00,2026-01-23 00:00:00,2025-11-24 12:47:19,174.0,0.0,2,Hyväksytty,Pohjola / OP Vakuutus,,200800009001489757,60 pv netto
20,800009,Pohjola / OP Vakuutus,117399,,,2025-12-01 00:00:00,2026-01-30 00:00:00,2025-12-01 12:38:07,93.0,0.0,2,Hyväksytty,Pohjola / OP Vakuutus,,200800009001493170,60 pv netto
20,800009,Pohjola / OP Vakuutus,118723,,,2025-12-15 00:00:00,2026-02-13 00:00:00,2025-12-15 16:42:15,144.0,0.0,2,Hyväksytty,Pohjola / OP Vakuutus,,200800009001501363,60 pv netto
20,800009,Pohjola / OP Vakuutus,119426,,,2025-12-19 00:00:00,2026-02-17 00:00:00,2025-12-19 15:25:48,144.0,0.0,2,Hyväksytty,Pohjola / OP Vakuutus,,200800009001506423,60 pv netto
20,800009,Pohjola / OP Vakuutus,120629,,,2026-01-09 00:00:00,2026-03-10 00:00:00,2026-01-09 15:39:06,144.0,0.0,2,Hyväksytty,Pohjola / OP Vakuutus,,200800009001512420,60 pv netto
20,800009,Pohjola / OP Vakuutus,121203,,,2026-01-16 00:00:00,2026-03-17 00:00:00,2026-01-16 09:59:04,226.0,0.0,2,Hyväksytty,Pohjola / OP Vakuutus,,200800009001515621,60 pv netto
20,800009,Pohjola / OP Vakuutus,121346,,,2026-01-16 00:00:00,2026-01-16 00:00:00,2026-01-16 19:41:52,-37.5,0.0,2,Hyväksytty,Pohjola / OP Vakuutus,,200800009001516552,
20,800009,Pohjola / OP Vakuutus,121679,,,2026-01-21 00:00:00,2026-03-22 00:00:00,2026-01-21 18:14:05,142.0,0.0,2,Hyväksytty,Pohjola / OP Vakuutus,,200800009001518408,60 pv netto
20,800009,Pohjola / OP Vakuutus,121760,,,2026-01-22 00:00:00,2026-03-23 00:00:00,2026-02-11 11:44:26,144.0,0.0,2,Hyväksytty,Pohjola / OP Vakuutus,,200800009001518819,60 pv netto
20,800009,Pohjola / OP Vakuutus,121803,,,2026-01-22 00:00:00,2026-03-23 00:00:00,2026-01-22 18:36:12,144.0,0.0,2,Hyväksytty,Pohjola / OP Vakuutus,,200800009001518974,60 pv netto
20,800009,Pohjola / OP Vakuutus,121809,,,2026-01-22 00:00:00,2026-03-23 00:00:00,2026-01-22 19:09:37,223.0,0.0,2,Hyväksytty,Pohjola / OP Vakuutus,,200800009001519012,60 pv netto
20,800009,Pohjola / OP Vakuutus,122046,,,2026-01-26 00:00:00,2026-03-27 00:00:00,2026-02-05 12:51:36,82.0,0.0,2,Hyväksytty,Pohjola / OP Vakuutus,,200800009001520483,60 pv netto
20,800009,Pohjola / OP Vakuutus,122375,,,2026-01-30 00:00:00,2026-03-31 00:00:00,2026-01-30 08:37:25,142.0,0.0,2,Hyväksytty,Pohjola / OP Vakuutus,,200800009001522083,60 pv netto
20,800009,Pohjola / OP Vakuutus,122426,,,2026-01-30 00:00:00,2026-03-31 00:00:00,2026-01-30 16:23:14,106.0,0.0,2,Hyväksytty,Pohjola / OP Vakuutus,,200800009001522326,60 pv netto
20,800009,Pohjola / OP Vakuutus,122638,,,2026-02-02 00:00:00,2026-02-02 00:00:00,2026-02-02 15:31:51,-124.0,0.0,2,Hyväksytty,Pohjola / OP Vakuutus,,200800009001523901,
20,800009,Pohjola / OP Vakuutus,122880,,,2026-02-04 00:00:00,2026-04-05 00:00:00,2026-02-04 19:55:25,55.0,0.0,2,Hyväksytty,Pohjola / OP Vakuutus,,200800009001524984,60 pv netto
20,800009,Pohjola / OP Vakuutus,122928,,,2026-02-05 00:00:00,2026-02-05 00:00:00,2026-02-05 12:51:39,-82.0,0.0,2,Hyväksytty,Pohjola / OP Vakuutus,,200800009001525226,
20,800009,Pohjola / OP Vakuutus,123316,,,2026-02-11 00:00:00,2026-02-11 00:00:00,2026-02-11 11:44:29,-144.0,0.0,2,Hyväksytty,Pohjola / OP Vakuutus,,200800009001527473,
20,800009,Pohjola / OP Vakuutus,124401,,,2026-02-23 00:00:00,2026-04-24 00:00:00,2026-02-23 12:28:30,57.0,0.0,2,Hyväksytty,Pohjola / OP Vakuutus,,200800009001534929,60 pv netto
20,800009,Pohjola / OP Vakuutus,124417,,,2026-02-23 00:00:00,2026-04-24 00:00:00,2026-03-06 12:00:42,57.0,0.0,2,Hyväksytty,Pohjola / OP Vakuutus,,200800009001534987,60 pv netto
20,800009,Pohjola / OP Vakuutus,125193,,,2026-03-03 00:00:00,2026-05-02 00:00:00,2026-03-03 12:38:33,101.0,0.0,2,Hyväksytty,Pohjola / OP Vakuutus,,200800009001539681,60 pv netto
20,800009,Pohjola / OP Vakuutus,125240,,,2026-03-03 00:00:00,2026-05-02 00:00:00,2026-03-03 16:28:45,139.0,0.0,2,Hyväksytty,Pohjola / OP Vakuutus,,200800009001539979,60 pv netto
20,800009,Pohjola / OP Vakuutus,125380,,,2026-03-04 00:00:00,2026-05-03 00:00:00,2026-03-26 10:37:07,142.0,0.0,2,Hyväksytty,Pohjola / OP Vakuutus,,200800009001540667,60 pv netto
20,800009,Pohjola / OP Vakuutus,125503,,,2026-03-06 00:00:00,2026-03-06 00:00:00,2026-03-06 12:00:48,-57.0,0.0,2,Hyväksytty,Pohjola / OP Vakuutus,,200800009001541352,
20,800009,Pohjola / OP Vakuutus,125504,,,2026-03-06 00:00:00,2026-03-06 00:00:00,2026-03-06 12:01:01,-139.0,0.0,2,Hyväksytty,Pohjola / OP Vakuutus,,200800009001541365,
20,800009,Pohjola / OP Vakuutus,127030,,,2026-03-20 00:00:00,2026-05-19 00:00:00,2026-03-20 13:29:31,101.0,0.0,2,Hyväksytty,Pohjola / OP Vakuutus,,200800009001550806,60 pv netto
20,800009,Pohjola / OP Vakuutus,127052,,,2026-03-20 00:00:00,2026-05-19 00:00:00,2026-03-20 17:23:40,140.0,0.0,2,Hyväksytty,Pohjola / OP Vakuutus,,200800009001550877,60 pv netto
20,800009,Pohjola / OP Vakuutus,127507,,,2026-03-26 00:00:00,2026-03-26 00:00:00,2026-03-26 10:37:11,-142.0,0.0,2,Hyväksytty,Pohjola / OP Vakuutus,,200800009001553502,
20,800009,Pohjola / OP Vakuutus,127875,,,2026-03-30 00:00:00,2026-05-29 00:00:00,2026-04-27 15:32:32,273.0,0.0,2,Hyväksytty,Pohjola / OP Vakuutus,,200800009001555762,60 pv netto
20,800009,Pohjola / OP Vakuutus,127878,,,2026-03-30 00:00:00,2026-05-29 00:00:00,2026-04-22 18:44:12,61.0,0.0,2,Hyväksytty,Pohjola / OP Vakuutus,,200800009001555791,60 pv netto
20,800009,Pohjola / OP Vakuutus,130791,,,2026-04-22 00:00:00,2026-04-22 00:00:00,2026-04-22 18:44:15,-61.0,0.0,2,Hyväksytty,Pohjola / OP Vakuutus,,200800009001576123,
20,800009,Pohjola / OP Vakuutus,131322,,,2026-04-28 00:00:00,2026-06-27 00:00:00,2026-05-22 15:33:48,57.0,0.0,2,Hyväksytty,Pohjola / OP Vakuutus,,200800009001579285,60 pv netto
20,800009,Pohjola / OP Vakuutus,131422,,,2026-04-29 00:00:00,2026-06-28 00:00:00,2026-04-29 12:16:42,223.0,0.0,2,Hyväksytty,Pohjola / OP Vakuutus,,200800009001579858,60 pv netto
20,800009,Pohjola / OP Vakuutus,133406,,,2026-05-18 00:00:00,2026-07-17 00:00:00,2026-05-18 13:57:40,57.0,0.0,2,Hyväksytty,Pohjola / OP Vakuutus,,200800009001592149,60 pv netto
20,800009,Pohjola / OP Vakuutus,133989,,,2026-05-22 00:00:00,2026-05-22 00:00:00,2026-05-22 15:33:52,-57.0,0.0,2,Hyväksytty,Pohjola / OP Vakuutus,,200800009001595683,
21,105458,Jehovan todistajat,103920,,,2025-06-01 00:00:00,2025-06-15 00:00:00,2025-06-01 17:00:21,1419.36,0.0,2,Hyväksytty,Jehovan todistajat,0124563-2,200105458001422798,14 pv netto
21,105458,Jehovan todistajat,104858,,,2025-06-16 00:00:00,2025-06-30 00:00:00,2025-06-16 17:00:21,48.0,0.0,2,Hyväksytty,Jehovan todistajat,0124563-2,200105458001426671,14 pv netto
21,105458,Jehovan todistajat,108984,,,2025-08-16 00:00:00,2025-08-30 00:00:00,2025-08-16 17:00:12,131.0,0.0,2,Hyväksytty,Jehovan todistajat,0124563-2,200105458001446512,14 pv netto
21,105458,Jehovan todistajat,109353,,,2025-08-20 00:00:00,2025-09-03 00:00:00,2025-08-20 18:09:47,84.0,0.0,2,Hyväksytty,Jehovan todistajat,0124563-2,200105458001448743,14 pv netto
21,105458,Jehovan todistajat,111375,,,2025-09-16 00:00:00,2025-09-30 00:00:00,2025-09-16 17:00:23,637.44,0.0,2,Hyväksytty,Jehovan todistajat,0124563-2,200105458001458513,14 pv netto
21,105458,Jehovan todistajat,112490,,,2025-10-01 00:00:00,2025-10-15 00:00:00,2025-10-01 17:00:23,62.0,0.0,2,Hyväksytty,Jehovan todistajat,0124563-2,200105458001464785,14 pv netto
21,105458,Jehovan todistajat,113577,,,2025-10-16 00:00:00,2025-10-30 00:00:00,2025-10-16 17:00:16,659.2,0.0,2,Hyväksytty,Jehovan todistajat,0124563-2,200105458001469557,14 pv netto
21,105458,Jehovan todistajat,114932,,,2025-11-01 00:00:00,2025-11-15 00:00:00,2025-11-01 17:00:17,408.2,0.0,2,Hyväksytty,Jehovan todistajat,0124563-2,200105458001477646,14 pv netto
21,105458,Jehovan todistajat,117561,,,2025-12-01 00:00:00,2025-12-15 00:00:00,2025-12-01 17:00:27,168.6,0.0,2,Hyväksytty,Jehovan todistajat,0124563-2,200105458001494658,14 pv netto
21,105458,Jehovan todistajat,120071,,,2025-12-31 00:00:00,2026-01-14 00:00:00,2025-12-31 17:00:09,863.41,0.0,2,Hyväksytty,Jehovan todistajat,0124563-2,200105458001509682,14 pv netto
21,105458,Jehovan todistajat,121321,,,2026-01-16 00:00:00,2026-01-30 00:00:00,2026-01-16 17:00:09,252.5,0.0,2,Hyväksytty,Jehovan todistajat,0124563-2,200105458001516413,14 pv netto
21,105458,Jehovan todistajat,124972,,,2026-03-01 00:00:00,2026-03-15 00:00:00,2026-03-01 17:00:20,401.5,0.0,2,Hyväksytty,Jehovan todistajat,0124563-2,200105458001538378,14 pv netto
21,105458,Jehovan todistajat,126491,,,2026-03-16 00:00:00,2026-03-30 00:00:00,2026-03-16 17:00:28,190.98,0.0,2,Hyväksytty,Jehovan todistajat,0124563-2,200105458001547453,14 pv netto
21,105458,Jehovan todistajat,128431,,,2026-04-01 00:00:00,2026-04-15 00:00:00,2026-04-01 17:00:26,564.26,0.0,2,Hyväksytty,Jehovan todistajat,0124563-2,200105458001560304,14 pv netto
21,105458,Jehovan todistajat,131694,,,2026-05-01 00:00:00,2026-05-15 00:00:00,2026-05-01 17:00:19,258.09,0.0,2,Hyväksytty,Jehovan todistajat,0124563-2,200105458001581639,14 pv netto
21,105458,Jehovan todistajat,133238,,,2026-05-16 00:00:00,2026-05-30 00:00:00,2026-05-16 17:00:15,638.4,0.0,2,Hyväksytty,Jehovan todistajat,0124563-2,200105458001590947,14 pv netto
22,100621,Espoon Express Palvelut Oy,103843,,,2025-06-01 00:00:00,2025-06-15 00:00:00,2025-06-01 17:00:12,81.0,0.0,2,Hyväksytty,Espoon Express Palvelut Oy,2266359-3,200100621001422025,14 pv netto
22,100621,Espoon Express Palvelut Oy,104774,,,2025-06-16 00:00:00,2025-06-30 00:00:00,2025-06-16 17:00:12,12.0,0.0,2,Hyväksytty,Espoon Express Palvelut Oy,2266359-3,200100621001425831,14 pv netto
22,100621,Espoon Express Palvelut Oy,106888,,,2025-07-16 00:00:00,2025-07-30 00:00:00,2025-07-16 17:00:12,40.0,0.0,2,Hyväksytty,Espoon Express Palvelut Oy,2266359-3,200100621001437065,14 pv netto
22,100621,Espoon Express Palvelut Oy,108961,,,2025-08-16 00:00:00,2025-08-30 00:00:00,2025-08-16 17:00:09,367.35,0.0,2,Hyväksytty,Espoon Express Palvelut Oy,2266359-3,200100621001446289,14 pv netto
22,100621,Espoon Express Palvelut Oy,109539,,,2025-08-22 00:00:00,2025-09-05 00:00:00,2025-08-22 19:43:57,78.0,0.0,2,Hyväksytty,Espoon Express Palvelut Oy,2266359-3,200100621001449493,14 pv netto
22,100621,Espoon Express Palvelut Oy,110196,,,2025-09-01 00:00:00,2025-09-15 00:00:00,2025-09-01 17:00:11,6.0,0.0,2,Hyväksytty,Espoon Express Palvelut Oy,2266359-3,200100621001452781,14 pv netto
22,100621,Espoon Express Palvelut Oy,113533,,,2025-10-16 00:00:00,2025-10-30 00:00:00,2025-10-16 17:00:09,772.0,0.0,2,Hyväksytty,Espoon Express Palvelut Oy,2266359-3,200100621001469114,14 pv netto
22,100621,Espoon Express Palvelut Oy,114820,,,2025-11-01 00:00:00,2025-11-15 00:00:00,2025-11-01 17:00:07,121.0,0.0,2,Hyväksytty,Espoon Express Palvelut Oy,2266359-3,200100621001476521,14 pv netto
22,100621,Espoon Express Palvelut Oy,116145,,,2025-11-16 00:00:00,2025-11-30 00:00:00,2025-11-16 17:00:12,853.1,0.0,2,Hyväksytty,Espoon Express Palvelut Oy,2266359-3,200100621001484762,14 pv netto
22,100621,Espoon Express Palvelut Oy,117505,,,2025-12-01 00:00:00,2025-12-15 00:00:00,2025-12-01 17:00:22,124.4,0.0,2,Hyväksytty,Espoon Express Palvelut Oy,2266359-3,200100621001494095,14 pv netto
22,100621,Espoon Express Palvelut Oy,121287,,,2026-01-16 00:00:00,2026-01-30 00:00:00,2026-01-16 17:00:05,594.2,0.0,2,Hyväksytty,Espoon Express Palvelut Oy,2266359-3,200100621001516070,14 pv netto
22,100621,Espoon Express Palvelut Oy,122500,,,2026-02-01 00:00:00,2026-02-15 00:00:00,2026-02-01 17:00:12,413.8,0.0,2,Hyväksytty,Espoon Express Palvelut Oy,2266359-3,200100621001522967,14 pv netto
22,100621,Espoon Express Palvelut Oy,123792,,,2026-02-16 00:00:00,2026-03-02 00:00:00,2026-02-16 17:00:16,325.0,0.0,2,Hyväksytty,Espoon Express Palvelut Oy,2266359-3,200100621001530849,14 pv netto
22,100621,Espoon Express Palvelut Oy,124939,,,2026-03-01 00:00:00,2026-03-15 00:00:00,2026-03-01 17:00:16,679.3,0.0,2,Hyväksytty,Espoon Express Palvelut Oy,2266359-3,200100621001538045,14 pv netto
22,100621,Espoon Express Palvelut Oy,125745,,,2026-03-10 00:00:00,2026-03-24 00:00:00,2026-03-10 08:21:58,1008.0,0.0,2,Hyväksytty,Espoon Express Palvelut Oy,2266359-3,200100621001542772,14 pv netto
22,100621,Espoon Express Palvelut Oy,126414,,,2026-03-16 00:00:00,2026-03-30 00:00:00,2026-03-16 17:00:23,109.8,0.0,2,Hyväksytty,Espoon Express Palvelut Oy,2266359-3,200100621001546684,14 pv netto
22,100621,Espoon Express Palvelut Oy,128685,,,2026-04-01 00:00:00,2026-04-15 00:00:00,2026-04-01 17:01:17,438.35,13.77,2,Hyväksytty,Espoon Express Palvelut Oy,2266359-3,200100621001562846,14 pv netto
22,100621,Espoon Express Palvelut Oy,131667,,,2026-05-01 00:00:00,2026-05-15 00:00:00,2026-05-01 17:00:15,340.3,0.0,2,Hyväksytty,Espoon Express Palvelut Oy,2266359-3,200100621001581364,14 pv netto
22,100621,Espoon Express Palvelut Oy,133210,,,2026-05-16 00:00:00,2026-05-30 00:00:00,2026-05-16 17:00:11,395.1,0.0,2,Hyväksytty,Espoon Express Palvelut Oy,2266359-3,200100621001590669,14 pv netto
23,106541,Kuonola Oy,104515,,,2025-06-11 00:00:00,2025-06-25 00:00:00,2025-06-11 14:17:11,157.8,0.0,2,Hyväksytty,Kuonola Oy,2863517-1,200106541001424806,14 pv netto
23,106541,Kuonola Oy,106366,,,2025-07-08 00:00:00,2025-07-22 00:00:00,2025-07-08 15:28:32,69.03,14.03,2,Hyväksytty,Kuonola Oy,2863517-1,200106541001434647,14 pv netto
23,106541,Kuonola Oy,106675,,,2025-07-14 00:00:00,2025-07-28 00:00:00,2025-07-14 17:15:51,103.0,0.0,2,Hyväksytty,Kuonola Oy,2863517-1,200106541001435950,14 pv netto
23,106541,Kuonola Oy,107066,,,2025-07-17 00:00:00,2025-07-31 00:00:00,2025-07-17 15:07:18,157.7,0.0,2,Hyväksytty,Kuonola Oy,2863517-1,200106541001438575,14 pv netto
23,106541,Kuonola Oy,109106,,,2025-08-19 00:00:00,2025-09-02 00:00:00,2025-09-04 13:57:18,192.0,0.0,2,Hyväksytty,Kuonola Oy,2863517-1,200106541001447139,14 pv netto
23,106541,Kuonola Oy,109433,,,2025-08-21 00:00:00,2025-09-04 00:00:00,2025-09-04 13:56:25,96.0,0.0,2,Hyväksytty,Kuonola Oy,2863517-1,200106541001449179,14 pv netto
23,106541,Kuonola Oy,110592,,,2025-09-04 00:00:00,2025-09-04 00:00:00,2025-09-04 13:56:39,-96.0,0.0,2,Hyväksytty,Kuonola Oy,2863517-1,200106541001455082,
23,106541,Kuonola Oy,110593,,,2025-09-04 00:00:00,2025-09-04 00:00:00,2025-09-04 13:57:22,-192.0,0.0,2,Hyväksytty,Kuonola Oy,2863517-1,200106541001455095,
23,106541,Kuonola Oy,111617,,,2025-09-18 00:00:00,2025-10-02 00:00:00,2025-09-18 12:33:11,55.0,0.0,2,Hyväksytty,Kuonola Oy,2863517-1,200106541001459978,14 pv netto
23,106541,Kuonola Oy,113038,,,2025-10-09 00:00:00,2025-10-23 00:00:00,2025-10-09 12:58:13,205.6,0.0,2,Hyväksytty,Kuonola Oy,2863517-1,200106541001467164,14 pv netto
23,106541,Kuonola Oy,113476,,,2025-10-16 00:00:00,2025-10-16 00:00:00,2025-10-16 13:05:48,0.0,0.0,2,Hyväksytty,Kuonola Oy,2863517-1,200106541001468781,
23,106541,Kuonola Oy,113900,,,2025-10-21 00:00:00,2025-11-04 00:00:00,2025-10-22 08:47:55,6316.7,0.0,2,Hyväksytty,Kuonola Oy,2863517-1,200106541001471082,14 pv netto
23,106541,Kuonola Oy,113927,,,2025-10-22 00:00:00,2025-10-22 00:00:00,2025-10-22 08:47:58,-6316.7,0.0,2,Hyväksytty,Kuonola Oy,2863517-1,200106541001471260,
23,106541,Kuonola Oy,113928,,,2025-10-22 00:00:00,2025-11-05 00:00:00,2025-10-22 08:49:27,1579.14,0.0,2,Hyväksytty,Kuonola Oy,2863517-1,200106541001471273,14 pv netto
23,106541,Kuonola Oy,114056,,,2025-10-23 00:00:00,2025-11-06 00:00:00,2025-10-23 09:37:13,29.0,0.0,2,Hyväksytty,Kuonola Oy,2863517-1,200106541001472049,14 pv netto
23,106541,Kuonola Oy,114383,,,2025-10-28 00:00:00,2025-11-11 00:00:00,2025-10-28 08:00:08,971.5,0.0,2,Hyväksytty,Kuonola Oy,2863517-1,200106541001474076,14 pv netto
23,106541,Kuonola Oy,115931,,,2025-11-13 00:00:00,2025-11-13 00:00:00,2025-11-13 14:17:36,0.0,0.0,2,Hyväksytty,Kuonola Oy,2863517-1,200106541001483326,
23,106541,Kuonola Oy,115934,,,2025-11-13 00:00:00,2025-11-13 00:00:00,2025-11-13 14:25:53,0.0,0.0,2,Hyväksytty,Kuonola Oy,2863517-1,200106541001483355,
23,106541,Kuonola Oy,116376,,,2025-11-18 00:00:00,2025-12-02 00:00:00,2025-11-18 09:35:06,78.0,0.0,2,Hyväksytty,Kuonola Oy,2863517-1,200106541001486433,14 pv netto
23,106541,Kuonola Oy,121609,,,2026-01-21 00:00:00,2026-02-04 00:00:00,2026-01-21 00:06:29,1579.24,0.0,2,Hyväksytty,Kuonola Oy,2863517-1,200106541001518107,14 pv netto
23,106541,Kuonola Oy,124254,,,2026-02-20 00:00:00,2026-03-06 00:00:00,2026-02-20 15:18:39,98.0,0.0,2,Hyväksytty,Kuonola Oy,2863517-1,200106541001533894,14 pv netto
23,106541,Kuonola Oy,130569,,,2026-04-20 00:00:00,2026-05-04 00:00:00,2026-04-20 22:24:44,1526.75,0.0,2,Hyväksytty,Kuonola Oy,2863517-1,200106541001574963,14 pv netto
24,100611,Elämäsi Adato Oy,110195,,,2025-09-01 00:00:00,2025-09-15 00:00:00,2025-09-01 17:00:11,6000.0,0.0,2,Hyväksytty,Elämäsi Adato Oy,2463975-7,200100611001452775,14 pv netto
24,100611,Elämäsi Adato Oy,111316,,,2025-09-16 00:00:00,2025-09-30 00:00:00,2025-09-16 17:00:15,25.75,0.0,2,Hyväksytty,Elämäsi Adato Oy,2463975-7,200100611001457929,14 pv netto
24,100611,Elämäsi Adato Oy,123755,,,2026-02-16 00:00:00,2026-03-02 00:00:00,2026-02-16 17:00:09,31.38,6.38,2,Hyväksytty,Elämäsi Adato Oy,2463975-7,200100611001530477,14 pv netto
24,100611,Elämäsi Adato Oy,131613,,,2026-05-01 00:00:00,2026-05-15 00:00:00,2026-05-01 17:00:09,450.77,13.77,2,Hyväksytty,Elämäsi Adato Oy,2463975-7,200100611001580825,14 pv netto
25,105280,Betonirakennus OÜ,104856,,,2025-06-16 00:00:00,2025-06-30 00:00:00,2025-06-16 17:00:20,1302.0,0.0,2,Hyväksytty,Betonirakennus OÜ,3316200-6,200105280001426658,14 pv netto
25,105280,Betonirakennus OÜ,105934,,,2025-07-01 00:00:00,2025-07-15 00:00:00,2025-07-01 17:00:22,204.0,0.0,2,Hyväksytty,Betonirakennus OÜ,3316200-6,200105280001432529,14 pv netto
25,105280,Betonirakennus OÜ,106935,,,2025-07-16 00:00:00,2025-07-30 00:00:00,2025-07-16 17:00:19,958.0,0.0,2,Hyväksytty,Betonirakennus OÜ,3316200-6,200105280001437537,14 pv netto
25,105280,Betonirakennus OÜ,108051,,,2025-08-01 00:00:00,2025-08-15 00:00:00,2025-08-01 17:00:14,3754.5,0.0,2,Hyväksytty,Betonirakennus OÜ,3316200-6,200105280001443107,14 pv netto
25,105280,Betonirakennus OÜ,113574,,,2025-10-16 00:00:00,2025-10-30 00:00:00,2025-10-16 17:00:15,107.0,0.0,2,Hyväksytty,Betonirakennus OÜ,3316200-6,200105280001469521,14 pv netto
25,105280,Betonirakennus OÜ,114928,,,2025-11-01 00:00:00,2025-11-15 00:00:00,2025-11-01 17:00:17,136.8,0.0,2,Hyväksytty,Betonirakennus OÜ,3316200-6,200105280001477607,14 pv netto
26,107358,Labo Line Oy,107567,,,2025-07-28 00:00:00,2025-08-11 00:00:00,2025-07-28 14:06:34,1470.0,0.0,2,Hyväksytty,Labo Line Oy,0918872-4,200107358001440409,14 pv netto
26,107358,Labo Line Oy,107568,,,2025-07-28 00:00:00,2025-10-28 00:00:00,2025-07-28 14:08:49,1470.0,0.0,2,Hyväksytty,Labo Line Oy,0918872-4,200107358001440412,14 pv netto
26,107358,Labo Line Oy,107569,,,2025-07-28 00:00:00,2026-02-05 00:00:00,2026-02-03 13:39:45,1470.0,0.0,2,Hyväksytty,Labo Line Oy,0918872-4,200107358001440425,180 pv netto
26,107358,Labo Line Oy,107570,,,2025-07-28 00:00:00,2026-04-24 00:00:00,2025-07-28 14:07:48,1470.0,0.0,2,Hyväksytty,Labo Line Oy,0918872-4,200107358001440438,270 pv netto
26,107358,Labo Line Oy,112322,,,2025-10-01 00:00:00,2025-10-15 00:00:00,2025-10-01 07:07:31,440.0,0.0,2,Hyväksytty,Labo Line Oy,0918872-4,200107358001463350,14 pv netto
26,107358,Labo Line Oy,116005,,,2025-11-14 00:00:00,2025-11-28 00:00:00,2025-11-14 09:57:43,39.0,0.0,2,Hyväksytty,Labo Line Oy,0918872-4,200107358001483767,14 pv netto
26,107358,Labo Line Oy,116011,,,2025-11-14 00:00:00,2025-11-14 00:00:00,2025-11-14 10:42:59,0.0,0.0,2,Hyväksytty,Labo Line Oy,0918872-4,200107358001483796,
26,107358,Labo Line Oy,126598,,,2026-03-17 00:00:00,2026-03-17 00:00:00,2026-03-17 15:02:32,0.0,0.0,2,Hyväksytty,Labo Line Oy,0918872-4,200107358001547991,
27,104382,Kalamakasiini Oy,110769,,,2025-09-08 00:00:00,2025-10-08 00:00:00,2025-09-08 12:15:35,4998.0,0.0,2,Hyväksytty,Kalamakasiini Oy,2761251-7,200104382001455667,30 pv netto
27,104382,Kalamakasiini Oy,111510,,,2025-09-17 00:00:00,2025-10-01 00:00:00,2025-09-17 16:29:06,170.0,0.0,2,Hyväksytty,Kalamakasiini Oy,2761251-7,200104382001459346,14 pv netto
27,104382,Kalamakasiini Oy,113308,,,2025-10-14 00:00:00,2025-10-14 00:00:00,2025-10-14 15:08:22,0.0,0.0,2,Hyväksytty,Kalamakasiini Oy,2761251-7,200104382001468269,
27,104382,Kalamakasiini Oy,116371,,,2025-11-18 00:00:00,2025-12-02 00:00:00,2025-11-18 09:22:37,354.4,0.0,2,Hyväksytty,Kalamakasiini Oy,2761251-7,200104382001486403,14 pv netto
27,104382,Kalamakasiini Oy,120502,,,2026-01-08 00:00:00,2026-01-22 00:00:00,2026-01-08 14:06:29,365.75,0.0,2,Hyväksytty,Kalamakasiini Oy,2761251-7,200104382001511941,14 pv netto
27,104382,Kalamakasiini Oy,127872,,,2026-03-30 00:00:00,2026-04-13 00:00:00,2026-03-31 14:47:51,398.6,0.0,2,Hyväksytty,Kalamakasiini Oy,2761251-7,200104382001555745,14 pv netto
27,104382,Kalamakasiini Oy,127974,,,2026-03-31 00:00:00,2026-03-31 00:00:00,2026-03-31 14:47:55,-398.6,0.0,2,Hyväksytty,Kalamakasiini Oy,2761251-7,200104382001556359,
27,104382,Kalamakasiini Oy,134573,,,2026-05-28 00:00:00,2026-06-11 00:00:00,2026-05-28 13:21:03,454.2,0.0,2,Hyväksytty,Kalamakasiini Oy,2761251-7,200104382001599316,14 pv netto
28,107711,Mailia Oy,114410,,,2025-10-28 00:00:00,2025-11-11 00:00:00,2025-10-28 11:03:39,1014.0,0.0,2,Hyväksytty,Mailia Oy,2738638-8,200107711001474180,14 pv netto
28,107711,Mailia Oy,115980,,,2025-11-14 00:00:00,2025-11-28 00:00:00,2025-11-14 00:05:59,1014.0,0.0,2,Hyväksytty,Mailia Oy,2738638-8,200107711001483566,14 pv netto
28,107711,Mailia Oy,119266,,,2025-12-18 00:00:00,2025-12-18 00:00:00,2025-12-18 12:40:39,0.0,0.0,2,Hyväksytty,Mailia Oy,2738638-8,200107711001505460,
28,107711,Mailia Oy,120876,,,2026-01-14 00:00:00,2026-01-28 00:00:00,2026-01-14 00:06:20,1014.0,0.0,2,Hyväksytty,Mailia Oy,2738638-8,200107711001513559,14 pv netto
28,107711,Mailia Oy,123563,,,2026-02-14 00:00:00,2026-02-28 00:00:00,2026-02-14 00:19:09,800.13,0.0,2,Hyväksytty,Mailia Oy,2738638-8,200107711001528861,14 pv netto
28,107711,Mailia Oy,126166,,,2026-03-14 00:00:00,2026-03-28 00:00:00,2026-03-14 00:23:50,800.13,0.0,2,Hyväksytty,Mailia Oy,2738638-8,200107711001544890,14 pv netto
28,107711,Mailia Oy,129769,,,2026-04-13 00:00:00,2026-04-27 00:00:00,2026-04-13 19:31:56,60.0,0.0,2,Hyväksytty,Mailia Oy,2738638-8,200107711001569956,14 pv netto
28,107711,Mailia Oy,129777,,,2026-04-14 00:00:00,2026-04-28 00:00:00,2026-04-14 00:16:49,800.13,0.0,2,Hyväksytty,Mailia Oy,2738638-8,200107711001570026,14 pv netto
28,107711,Mailia Oy,132977,,,2026-05-14 00:00:00,2026-05-28 00:00:00,2026-05-14 00:15:42,800.0,0.0,2,Hyväksytty,Mailia Oy,2738638-8,200107711001588982,14 pv netto
29,106793,Eläinsairaala Huoma Oy,106247,,,2025-07-07 00:00:00,2025-07-21 00:00:00,2025-07-07 12:24:48,864.0,0.0,2,Hyväksytty,Eläinsairaala Huoma Oy,3484083-3,200106793001434039,14 pv netto
29,106793,Eläinsairaala Huoma Oy,111865,,,2025-09-23 00:00:00,2025-10-07 00:00:00,2025-09-23 14:04:41,213.0,0.0,2,Hyväksytty,Eläinsairaala Huoma Oy,3484083-3,200106793001461073,14 pv netto
29,106793,Eläinsairaala Huoma Oy,114493,,,2025-10-29 00:00:00,2025-11-12 00:00:00,2025-10-29 07:53:38,216.0,0.0,2,Hyväksytty,Eläinsairaala Huoma Oy,3484083-3,200106793001474659,14 pv netto
29,106793,Eläinsairaala Huoma Oy,116293,,,2025-11-17 00:00:00,2025-12-01 00:00:00,2025-11-17 14:15:49,312.0,0.0,2,Hyväksytty,Eläinsairaala Huoma Oy,3484083-3,200106793001485952,14 pv netto
29,106793,Eläinsairaala Huoma Oy,116795,,,2025-11-21 00:00:00,2025-11-21 00:00:00,2025-11-21 16:40:19,0.0,0.0,2,Hyväksytty,Eläinsairaala Huoma Oy,3484083-3,200106793001489204,
29,106793,Eläinsairaala Huoma Oy,119122,,,2025-12-17 00:00:00,2025-12-31 00:00:00,2025-12-17 13:39:31,39.0,0.0,2,Hyväksytty,Eläinsairaala Huoma Oy,3484083-3,200106793001504480,14 pv netto
29,106793,Eläinsairaala Huoma Oy,121035,,,2026-01-14 00:00:00,2026-01-28 00:00:00,2026-01-14 16:05:09,2223.0,0.0,2,Hyväksytty,Eläinsairaala Huoma Oy,3484083-3,200106793001514739,14 pv netto
29,106793,Eläinsairaala Huoma Oy,129772,,,2026-04-14 00:00:00,2026-04-28 00:00:00,2026-04-14 00:05:51,2223.0,0.0,2,Hyväksytty,Eläinsairaala Huoma Oy,3484083-3,200106793001569975,14 pv netto
30,105333,BAFO Talotekniikka Oy,109977,,,2025-08-29 00:00:00,2025-09-12 00:00:00,2025-09-08 14:52:07,1957.5,0.0,2,Hyväksytty,BAFO Talotekniikka Oy,2475403-4,200105333001451635,14 pv netto
30,105333,BAFO Talotekniikka Oy,109978,,,2025-08-29 00:00:00,2025-11-26 00:00:00,2025-09-08 14:52:58,1957.5,0.0,2,Hyväksytty,BAFO Talotekniikka Oy,2475403-4,200105333001451648,90 pv netto
30,105333,BAFO Talotekniikka Oy,109979,,,2025-08-29 00:00:00,2026-02-24 00:00:00,2025-09-08 14:53:55,1957.5,0.0,2,Hyväksytty,BAFO Talotekniikka Oy,2475403-4,200105333001451651,180 pv netto
30,105333,BAFO Talotekniikka Oy,109980,,,2025-08-29 00:00:00,2026-05-26 00:00:00,2025-09-08 14:54:47,1957.5,0.0,2,Hyväksytty,BAFO Talotekniikka Oy,2475403-4,200105333001451664,270 pv netto
30,105333,BAFO Talotekniikka Oy,110067,,,2025-08-30 00:00:00,2025-09-13 00:00:00,2025-09-08 14:51:09,426.0,0.0,2,Hyväksytty,BAFO Talotekniikka Oy,2475403-4,200105333001451965,14 pv netto
30,105333,BAFO Talotekniikka Oy,110800,,,2025-09-08 00:00:00,2025-09-08 00:00:00,2025-09-08 14:51:12,-426.0,0.0,2,Hyväksytty,BAFO Talotekniikka Oy,2475403-4,200105333001455767,
30,105333,BAFO Talotekniikka Oy,110801,,,2025-09-08 00:00:00,2025-09-08 00:00:00,2025-09-08 14:52:10,-1957.5,0.0,2,Hyväksytty,BAFO Talotekniikka Oy,2475403-4,200105333001455770,
30,105333,BAFO Talotekniikka Oy,110802,,,2025-09-08 00:00:00,2025-09-08 00:00:00,2025-09-08 14:53:01,-1957.5,0.0,2,Hyväksytty,BAFO Talotekniikka Oy,2475403-4,200105333001455783,
30,105333,BAFO Talotekniikka Oy,110803,,,2025-09-08 00:00:00,2025-09-08 00:00:00,2025-09-08 14:53:57,-1957.5,0.0,2,Hyväksytty,BAFO Talotekniikka Oy,2475403-4,200105333001455796,
30,105333,BAFO Talotekniikka Oy,110804,,,2025-09-08 00:00:00,2025-09-08 00:00:00,2025-09-08 14:54:50,-1957.5,0.0,2,Hyväksytty,BAFO Talotekniikka Oy,2475403-4,200105333001455806,
30,105333,BAFO Talotekniikka Oy,110806,,,2025-09-08 00:00:00,2025-09-22 00:00:00,2025-09-08 15:05:10,1335.6,0.0,2,Hyväksytty,BAFO Talotekniikka Oy,2475403-4,200105333001455819,14 pv netto
30,105333,BAFO Talotekniikka Oy,110807,,,2025-09-08 00:00:00,2025-12-06 00:00:00,2025-09-08 15:06:06,1335.6,0.0,2,Hyväksytty,BAFO Talotekniikka Oy,2475403-4,200105333001455822,90 pv netto
30,105333,BAFO Talotekniikka Oy,110808,,,2025-09-08 00:00:00,2026-03-06 00:00:00,2025-09-08 15:07:14,1335.6,0.0,2,Hyväksytty,BAFO Talotekniikka Oy,2475403-4,200105333001455835,180 pv netto
30,105333,BAFO Talotekniikka Oy,110810,,,2025-09-08 00:00:00,2026-06-05 00:00:00,2025-09-08 15:08:36,1335.6,0.0,2,Hyväksytty,BAFO Talotekniikka Oy,2475403-4,200105333001455848,270 pv netto
30,105333,BAFO Talotekniikka Oy,111489,,,2025-09-17 00:00:00,2025-10-01 00:00:00,2025-09-17 14:35:33,273.31,0.0,2,Hyväksytty,BAFO Talotekniikka Oy,2475403-4,200105333001459213,14 pv netto
30,105333,BAFO Talotekniikka Oy,113971,,,2025-10-22 00:00:00,2025-11-05 00:00:00,2025-10-22 12:05:42,45.8,0.0,2,Hyväksytty,BAFO Talotekniikka Oy,2475403-4,200105333001471521,14 pv netto
30,105333,BAFO Talotekniikka Oy,116286,,,2025-11-17 00:00:00,2025-12-01 00:00:00,2025-11-17 13:26:50,17.5,0.0,2,Hyväksytty,BAFO Talotekniikka Oy,2475403-4,200105333001485928,14 pv netto
30,105333,BAFO Talotekniikka Oy,116521,,,2025-11-19 00:00:00,2025-11-19 00:00:00,2025-11-19 12:07:04,0.0,0.0,2,Hyväksytty,BAFO Talotekniikka Oy,2475403-4,200105333001487447,
30,105333,BAFO Talotekniikka Oy,119117,,,2025-12-17 00:00:00,2025-12-31 00:00:00,2025-12-17 13:24:21,94.8,0.0,2,Hyväksytty,BAFO Talotekniikka Oy,2475403-4,200105333001504443,14 pv netto
30,105333,BAFO Talotekniikka Oy,134583,,,2026-05-28 00:00:00,2026-06-11 00:00:00,2026-05-28 14:49:15,71.61,0.0,2,Hyväksytty,BAFO Talotekniikka Oy,2475403-4,200105333001599351,14 pv netto
31,102267,Karun-palvelut Oy,105890,,,2025-07-01 00:00:00,2025-07-15 00:00:00,2025-07-01 17:00:18,972.5,0.0,2,Hyväksytty,Karun-palvelut Oy,2848197-7,200102267001432082,14 pv netto
31,102267,Karun-palvelut Oy,106896,,,2025-07-16 00:00:00,2025-07-30 00:00:00,2025-07-16 17:00:13,531.5,0.0,2,Hyväksytty,Karun-palvelut Oy,2848197-7,200102267001437142,14 pv netto
31,102267,Karun-palvelut Oy,110217,,,2025-09-01 00:00:00,2025-09-15 00:00:00,2025-09-01 17:00:13,2319.5,0.0,2,Hyväksytty,Karun-palvelut Oy,2848197-7,200102267001452994,14 pv netto
31,102267,Karun-palvelut Oy,111332,,,2025-09-16 00:00:00,2025-09-30 00:00:00,2025-09-16 17:00:17,333.5,0.0,2,Hyväksytty,Karun-palvelut Oy,2848197-7,200102267001458082,14 pv netto
31,102267,Karun-palvelut Oy,112395,,,2025-10-01 00:00:00,2025-10-15 00:00:00,2025-10-01 17:00:16,37.75,0.0,2,Hyväksytty,Karun-palvelut Oy,2848197-7,200102267001463831,14 pv netto
31,102267,Karun-palvelut Oy,116153,,,2025-11-16 00:00:00,2025-11-30 00:00:00,2025-11-16 17:00:13,104.4,0.0,2,Hyväksytty,Karun-palvelut Oy,2848197-7,200102267001484849,14 pv netto
31,102267,Karun-palvelut Oy,121299,,,2026-01-16 00:00:00,2026-01-30 00:00:00,2026-01-16 17:00:06,108.0,0.0,2,Hyväksytty,Karun-palvelut Oy,2848197-7,200102267001516199,14 pv netto
31,102267,Karun-palvelut Oy,122511,,,2026-02-01 00:00:00,2026-02-15 00:00:00,2026-02-01 17:00:13,797.49,0.0,2,Hyväksytty,Karun-palvelut Oy,2848197-7,200102267001523072,14 pv netto
31,102267,Karun-palvelut Oy,123802,,,2026-02-16 00:00:00,2026-03-02 00:00:00,2026-02-16 17:00:17,132.5,0.0,2,Hyväksytty,Karun-palvelut Oy,2848197-7,200102267001530942,14 pv netto
31,102267,Karun-palvelut Oy,126433,,,2026-03-16 00:00:00,2026-03-30 00:00:00,2026-03-16 17:00:25,62.0,0.0,2,Hyväksytty,Karun-palvelut Oy,2848197-7,200102267001546871,14 pv netto
31,102267,Karun-palvelut Oy,128768,,,2026-04-01 00:00:00,2026-04-15 00:00:00,2026-04-01 17:01:22,99.77,13.77,2,Hyväksytty,Karun-palvelut Oy,2848197-7,200102267001563676,14 pv netto
31,102267,Karun-palvelut Oy,131672,,,2026-05-01 00:00:00,2026-05-15 00:00:00,2026-05-01 17:00:16,78.0,0.0,2,Hyväksytty,Karun-palvelut Oy,2848197-7,200102267001581412,14 pv netto
32,107027,AIATELLA Oy,104753,,,2025-06-16 00:00:00,2025-06-30 00:00:00,2025-06-16 15:20:26,177.75,0.0,2,Hyväksytty,AIATELLA Oy,3299275-3,200107027001425658,14 pv netto
32,107027,AIATELLA Oy,106649,,,2025-07-14 00:00:00,2025-07-28 00:00:00,2025-07-14 15:32:21,378.1,0.0,2,Hyväksytty,AIATELLA Oy,3299275-3,200107027001435761,14 pv netto
32,107027,AIATELLA Oy,112760,,,2025-10-06 00:00:00,2025-10-20 00:00:00,2025-10-06 11:57:18,432.0,0.0,2,Hyväksytty,AIATELLA Oy,3299275-3,200107027001465951,14 pv netto
32,107027,AIATELLA Oy,112761,,,2025-10-06 00:00:00,2025-12-04 00:00:00,2025-10-06 11:57:45,432.0,0.0,2,Hyväksytty,AIATELLA Oy,3299275-3,200107027001465964,60 pv netto
32,107027,AIATELLA Oy,116266,,,2025-11-17 00:00:00,2025-12-01 00:00:00,2025-11-17 12:13:24,130.0,0.0,2,Hyväksytty,AIATELLA Oy,3299275-3,200107027001485795,14 pv netto
32,107027,AIATELLA Oy,116659,,,2025-11-20 00:00:00,2025-11-20 00:00:00,2025-11-20 12:20:15,0.0,0.0,2,Hyväksytty,AIATELLA Oy,3299275-3,200107027001488297,
32,107027,AIATELLA Oy,127071,,,2026-03-21 00:00:00,2026-04-04 00:00:00,2026-03-21 00:24:50,3890.0,0.0,2,Hyväksytty,AIATELLA Oy,3299275-3,200107027001550963,14 pv netto
33,105939,Kontulankaaren apteekki / Leena Sugander,103925,,,2025-06-01 00:00:00,2025-06-15 00:00:00,2025-06-01 17:00:22,414.0,0.0,2,Hyväksytty,Kontulankaaren apteekki / Leena Sugander,2886549-5,200105939001422848,14 pv netto
33,105939,Kontulankaaren apteekki / Leena Sugander,104867,,,2025-06-16 00:00:00,2025-06-30 00:00:00,2025-06-16 17:00:22,353.5,0.0,2,Hyväksytty,Kontulankaaren apteekki / Leena Sugander,2886549-5,200105939001426763,14 pv netto
33,105939,Kontulankaaren apteekki / Leena Sugander,105847,,,2025-07-01 00:00:00,2025-07-15 00:00:00,2025-07-01 17:00:14,104.0,0.0,2,Hyväksytty,Kontulankaaren apteekki / Leena Sugander,2886549-5,200105939001431651,14 pv netto
33,105939,Kontulankaaren apteekki / Leena Sugander,106943,,,2025-07-16 00:00:00,2025-07-30 00:00:00,2025-07-16 17:00:20,104.0,0.0,2,Hyväksytty,Kontulankaaren apteekki / Leena Sugander,2886549-5,200105939001437613,14 pv netto
33,105939,Kontulankaaren apteekki / Leena Sugander,111377,,,2025-09-16 00:00:00,2025-09-30 00:00:00,2025-09-16 17:00:23,1764.65,0.0,2,Hyväksytty,Kontulankaaren apteekki / Leena Sugander,2886549-5,200105939001458537,14 pv netto
33,105939,Kontulankaaren apteekki / Leena Sugander,112495,,,2025-10-01 00:00:00,2025-10-15 00:00:00,2025-10-01 17:00:24,1476.0,0.0,2,Hyväksytty,Kontulankaaren apteekki / Leena Sugander,2886549-5,200105939001464835,14 pv netto
33,105939,Kontulankaaren apteekki / Leena Sugander,113581,,,2025-10-16 00:00:00,2025-10-30 00:00:00,2025-10-16 17:00:17,192.0,0.0,2,Hyväksytty,Kontulankaaren apteekki / Leena Sugander,2886549-5,200105939001469597,14 pv netto
33,105939,Kontulankaaren apteekki / Leena Sugander,114954,,,2025-11-01 00:00:00,2025-11-15 00:00:00,2025-11-01 17:00:19,27.0,0.0,2,Hyväksytty,Kontulankaaren apteekki / Leena Sugander,2886549-5,200105939001477864,14 pv netto
33,105939,Kontulankaaren apteekki / Leena Sugander,125336,,,2026-03-04 00:00:00,2026-03-18 00:00:00,2026-03-04 12:38:14,792.0,0.0,2,Hyväksytty,Kontulankaaren apteekki / Leena Sugander,2886549-5,200105939001540500,14 pv netto
33,105939,Kontulankaaren apteekki / Leena Sugander,128517,,,2026-04-01 00:00:00,2026-04-15 00:00:00,2026-04-01 17:00:30,67.77,13.77,2,Hyväksytty,Kontulankaaren apteekki / Leena Sugander,2886549-5,200105939001561165,14 pv netto
33,105939,Kontulankaaren apteekki / Leena Sugander,131641,,,2026-05-01 00:00:00,2026-05-15 00:00:00,2026-05-01 17:00:13,54.0,0.0,2,Hyväksytty,Kontulankaaren apteekki / Leena Sugander,2886549-5,200105939001581103,14 pv netto
34,106522,K-S Turvamiehet Oy,104373,,,2025-06-09 00:00:00,2025-06-23 00:00:00,2025-06-09 17:53:54,81.0,0.0,2,Hyväksytty,K-S Turvamiehet Oy,1076059-9,200106522001424317,14 pv netto
34,106522,K-S Turvamiehet Oy,110843,,,2025-09-09 00:00:00,2025-09-23 00:00:00,2025-09-09 08:45:53,1296.0,0.0,2,Hyväksytty,K-S Turvamiehet Oy,1076059-9,200106522001456026,14 pv netto
34,106522,K-S Turvamiehet Oy,110844,,,2025-09-09 00:00:00,2025-12-07 00:00:00,2025-09-09 08:46:14,1296.0,0.0,2,Hyväksytty,K-S Turvamiehet Oy,1076059-9,200106522001456039,90 pv netto
34,106522,K-S Turvamiehet Oy,110845,,,2025-09-09 00:00:00,2026-03-07 00:00:00,2025-09-09 08:46:32,1296.0,0.0,2,Hyväksytty,K-S Turvamiehet Oy,1076059-9,200106522001456042,180 pv netto
34,106522,K-S Turvamiehet Oy,110846,,,2025-09-09 00:00:00,2026-06-06 00:00:00,2025-09-09 08:46:51,1296.0,0.0,2,Hyväksytty,K-S Turvamiehet Oy,1076059-9,200106522001456055,270 pv netto
34,106522,K-S Turvamiehet Oy,115673,,,2025-11-11 00:00:00,2025-11-11 00:00:00,2025-11-11 11:59:19,0.0,0.0,2,Hyväksytty,K-S Turvamiehet Oy,1076059-9,200106522001481790,
35,106340,Länsimäen Kiinteistöpalvelu Oy,105967,,,2025-07-02 00:00:00,2025-07-16 00:00:00,2025-07-02 10:12:07,1188.0,0.0,2,Hyväksytty,Länsimäen Kiinteistöpalvelu Oy,0124124-4,200106340001432714,14 pv netto
35,106340,Länsimäen Kiinteistöpalvelu Oy,105968,,,2025-07-02 00:00:00,2025-09-30 00:00:00,2025-07-02 10:12:33,1188.0,0.0,2,Hyväksytty,Länsimäen Kiinteistöpalvelu Oy,0124124-4,200106340001432727,90 pv netto
35,106340,Länsimäen Kiinteistöpalvelu Oy,105969,,,2025-07-02 00:00:00,2025-12-28 00:00:00,2025-07-02 10:12:54,1188.0,0.0,2,Hyväksytty,Länsimäen Kiinteistöpalvelu Oy,0124124-4,200106340001432730,180 pv netto
35,106340,Länsimäen Kiinteistöpalvelu Oy,105970,,,2025-07-02 00:00:00,2026-03-28 00:00:00,2025-07-02 10:13:13,1188.0,0.0,2,Hyväksytty,Länsimäen Kiinteistöpalvelu Oy,0124124-4,200106340001432743,270 pv netto
35,106340,Länsimäen Kiinteistöpalvelu Oy,109490,,,2025-08-22 00:00:00,2025-08-22 00:00:00,2025-08-22 11:39:53,0.0,0.0,2,Hyväksytty,Länsimäen Kiinteistöpalvelu Oy,0124124-4,200106340001449419,
35,106340,Länsimäen Kiinteistöpalvelu Oy,116378,,,2025-11-18 00:00:00,2025-12-02 00:00:00,2025-11-18 09:43:36,205.0,0.0,2,Hyväksytty,Länsimäen Kiinteistöpalvelu Oy,0124124-4,200106340001486456,14 pv netto
35,106340,Länsimäen Kiinteistöpalvelu Oy,122941,,,2026-02-05 00:00:00,2026-02-19 00:00:00,2026-02-05 14:24:12,108.0,0.0,2,Hyväksytty,Länsimäen Kiinteistöpalvelu Oy,0124124-4,200106340001525281,14 pv netto
36,106876,Ldvhitsaus Oy,104007,,,2025-06-02 00:00:00,2025-06-16 00:00:00,2025-06-02 13:44:35,148.75,0.0,2,Hyväksytty,Ldvhitsaus Oy,2849506-8,200106876001423404,14 pv netto
36,106876,Ldvhitsaus Oy,107130,,,2025-07-18 00:00:00,2025-08-01 00:00:00,2025-07-18 10:38:50,371.5,0.0,2,Hyväksytty,Ldvhitsaus Oy,2849506-8,200106876001438936,14 pv netto
36,106876,Ldvhitsaus Oy,107539,,,2025-07-28 00:00:00,2025-08-11 00:00:00,2025-07-28 10:26:38,128.0,0.0,2,Hyväksytty,Ldvhitsaus Oy,2849506-8,200106876001440306,14 pv netto
36,106876,Ldvhitsaus Oy,109785,,,2025-08-27 00:00:00,2025-09-10 00:00:00,2025-08-27 08:59:34,103.75,0.0,2,Hyväksytty,Ldvhitsaus Oy,2849506-8,200106876001450668,14 pv netto
36,106876,Ldvhitsaus Oy,123443,,,2025-08-29 00:00:00,2025-08-29 00:00:00,2026-02-12 13:15:28,0.0,0.0,2,Hyväksytty,Ldvhitsaus Oy,2849506-8,200106876001528176,
36,106876,Ldvhitsaus Oy,111886,,,2025-09-23 00:00:00,2025-10-07 00:00:00,2025-09-23 16:53:45,81.0,0.0,2,Hyväksytty,Ldvhitsaus Oy,2849506-8,200106876001461152,14 pv netto
36,106876,Ldvhitsaus Oy,114061,,,2025-10-23 00:00:00,2025-11-06 00:00:00,2025-10-23 10:11:23,26.0,0.0,2,Hyväksytty,Ldvhitsaus Oy,2849506-8,200106876001472099,14 pv netto
36,106876,Ldvhitsaus Oy,114647,,,2025-10-30 00:00:00,2025-11-13 00:00:00,2025-10-30 12:43:58,400.0,0.0,2,Hyväksytty,Ldvhitsaus Oy,2849506-8,200106876001475627,14 pv netto
36,106876,Ldvhitsaus Oy,115352,,,2025-11-06 00:00:00,2025-11-20 00:00:00,2025-11-06 13:31:51,95.0,0.0,2,Hyväksytty,Ldvhitsaus Oy,2849506-8,200106876001479843,14 pv netto
36,106876,Ldvhitsaus Oy,115463,,,2025-11-07 00:00:00,2025-11-21 00:00:00,2025-11-07 13:46:00,249.5,0.0,2,Hyväksytty,Ldvhitsaus Oy,2849506-8,200106876001480489,14 pv netto
36,106876,Ldvhitsaus Oy,115778,,,2025-11-12 00:00:00,2025-11-26 00:00:00,2025-11-12 10:55:39,262.41,0.0,2,Hyväksytty,Ldvhitsaus Oy,2849506-8,200106876001482432,14 pv netto
36,106876,Ldvhitsaus Oy,119136,,,2025-12-17 00:00:00,2025-12-31 00:00:00,2025-12-17 14:32:33,57.0,0.0,2,Hyväksytty,Ldvhitsaus Oy,2849506-8,200106876001504608,14 pv netto
36,106876,Ldvhitsaus Oy,122411,,,2026-01-30 00:00:00,2026-02-13 00:00:00,2026-01-30 14:27:22,66.8,0.0,2,Hyväksytty,Ldvhitsaus Oy,2849506-8,200106876001522253,14 pv netto
36,106876,Ldvhitsaus Oy,123280,,,2026-02-11 00:00:00,2026-02-25 00:00:00,2026-02-12 13:50:23,975.0,0.0,2,Hyväksytty,Ldvhitsaus Oy,2849506-8,200106876001527274,14 pv netto
36,106876,Ldvhitsaus Oy,123450,,,2026-02-12 00:00:00,2026-02-12 00:00:00,2026-02-12 13:50:25,-975.0,0.0,2,Hyväksytty,Ldvhitsaus Oy,2849506-8,200106876001528215,
36,106876,Ldvhitsaus Oy,123520,,,2026-02-13 00:00:00,2026-02-27 00:00:00,2026-02-13 14:01:28,1056.0,0.0,2,Hyväksytty,Ldvhitsaus Oy,2849506-8,200106876001528642,14 pv netto
36,106876,Ldvhitsaus Oy,124223,,,2026-02-20 00:00:00,2026-03-06 00:00:00,2026-02-20 11:56:36,183.8,0.0,2,Hyväksytty,Ldvhitsaus Oy,2849506-8,200106876001533763,14 pv netto
36,106876,Ldvhitsaus Oy,124290,,,2026-02-20 00:00:00,2026-03-06 00:00:00,2026-02-20 19:08:56,60.0,0.0,2,Hyväksytty,Ldvhitsaus Oy,2849506-8,200106876001534050,14 pv netto
36,106876,Ldvhitsaus Oy,124378,,,2026-02-23 00:00:00,2026-03-09 00:00:00,2026-02-23 10:27:20,87.8,0.0,2,Hyväksytty,Ldvhitsaus Oy,2849506-8,200106876001534827,14 pv netto
36,106876,Ldvhitsaus Oy,124531,,,2026-02-24 00:00:00,2026-03-10 00:00:00,2026-02-24 19:25:55,63.0,0.0,2,Hyväksytty,Ldvhitsaus Oy,2849506-8,200106876001535606,14 pv netto
36,106876,Ldvhitsaus Oy,125037,,,2026-03-02 00:00:00,2026-03-16 00:00:00,2026-03-02 11:49:38,206.5,0.0,2,Hyväksytty,Ldvhitsaus Oy,2849506-8,200106876001538894,14 pv netto
36,106876,Ldvhitsaus Oy,126876,,,2026-03-19 00:00:00,2026-04-02 00:00:00,2026-03-19 10:20:27,164.75,0.0,2,Hyväksytty,Ldvhitsaus Oy,2849506-8,200106876001549951,14 pv netto
36,106876,Ldvhitsaus Oy,127043,,,2026-03-20 00:00:00,2026-04-03 00:00:00,2026-03-20 15:25:10,63.8,0.0,2,Hyväksytty,Ldvhitsaus Oy,2849506-8,200106876001550843,14 pv netto
36,106876,Ldvhitsaus Oy,132550,,,2026-05-11 00:00:00,2026-05-25 00:00:00,2026-05-11 08:45:41,1056.0,0.0,2,Hyväksytty,Ldvhitsaus Oy,2849506-8,200106876001586749,14 pv netto
37,104682,Zyntax Oy,104450,,,2025-06-10 00:00:00,2025-06-10 00:00:00,2025-06-10 14:48:32,0.0,0.0,2,Hyväksytty,Zyntax Oy,2847787-1,200104682001424589,
37,104682,Zyntax Oy,105707,,,2025-06-30 00:00:00,2025-07-14 00:00:00,2025-06-30 15:38:30,300.0,0.0,2,Hyväksytty,Zyntax Oy,2847787-1,200104682001430722,14 pv netto
37,104682,Zyntax Oy,122717,,,2026-02-03 00:00:00,2026-02-17 00:00:00,2026-02-03 11:31:00,2265.75,0.0,2,Hyväksytty,Zyntax Oy,2847787-1,200104682001524366,14 pv netto
37,104682,Zyntax Oy,130172,,,2026-04-17 00:00:00,2026-05-01 00:00:00,2026-04-17 00:14:49,2265.75,0.0,2,Hyväksytty,Zyntax Oy,2847787-1,200104682001572091,14 pv netto
38,102700,Renkolm OÜ,104798,,,2025-06-16 00:00:00,2025-06-30 00:00:00,2025-06-16 17:00:14,574.5,0.0,2,Hyväksytty,Renkolm OÜ,3007982-1,200102700001426076,14 pv netto
38,102700,Renkolm OÜ,107973,,,2025-08-01 00:00:00,2025-08-15 00:00:00,2025-08-01 17:00:07,3807.5,0.0,2,Hyväksytty,Renkolm OÜ,3007982-1,200102700001442335,14 pv netto
38,102700,Renkolm OÜ,126444,,,2026-03-16 00:00:00,2026-03-30 00:00:00,2026-03-16 17:00:25,444.0,0.0,2,Hyväksytty,Renkolm OÜ,3007982-1,200102700001546985,14 pv netto
39,102435,Ltm Team Oy,105496,,,2025-06-27 00:00:00,2025-07-11 00:00:00,2025-06-27 11:50:44,1188.0,0.0,2,Hyväksytty,Ltm Team Oy,2157070-7,200102435001429283,14 pv netto
39,102435,Ltm Team Oy,105497,,,2025-06-27 00:00:00,2025-06-27 00:00:00,2025-06-27 11:50:48,-1188.0,0.0,2,Hyväksytty,Ltm Team Oy,2157070-7,200102435001429296,
39,102435,Ltm Team Oy,105498,,,2025-06-27 00:00:00,2025-07-11 00:00:00,2025-06-27 11:51:05,1188.0,0.0,2,Hyväksytty,Ltm Team Oy,2157070-7,200102435001429306,14 pv netto
39,102435,Ltm Team Oy,105499,,,2025-06-27 00:00:00,2025-09-25 00:00:00,2025-06-27 11:51:55,1188.0,0.0,2,Hyväksytty,Ltm Team Oy,2157070-7,200102435001429319,90 pv netto
39,102435,Ltm Team Oy,105500,,,2025-06-27 00:00:00,2025-07-11 00:00:00,2025-06-27 11:55:05,1188.0,0.0,2,Hyväksytty,Ltm Team Oy,2157070-7,200102435001429322,14 pv netto
39,102435,Ltm Team Oy,105501,,,2025-06-27 00:00:00,2026-03-23 00:00:00,2025-06-27 11:53:32,1188.0,0.0,2,Hyväksytty,Ltm Team Oy,2157070-7,200102435001429335,270 pv netto
39,102435,Ltm Team Oy,105502,,,2025-06-27 00:00:00,2025-06-27 00:00:00,2025-06-27 11:55:08,-1188.0,0.0,2,Hyväksytty,Ltm Team Oy,2157070-7,200102435001429348,
39,102435,Ltm Team Oy,105503,,,2025-06-27 00:00:00,2025-12-23 00:00:00,2025-06-27 11:55:22,1188.0,0.0,2,Hyväksytty,Ltm Team Oy,2157070-7,200102435001429351,180 pv netto
39,102435,Ltm Team Oy,117665,,,2025-12-02 00:00:00,2025-12-02 00:00:00,2025-12-02 14:49:44,0.0,0.0,2,Hyväksytty,Ltm Team Oy,2157070-7,200102435001495204,
40,105925,Laatusähkäri Oy,104708,,,2025-06-16 00:00:00,2025-06-30 00:00:00,2025-06-16 10:44:26,882.0,0.0,2,Hyväksytty,Laatusähkäri Oy,2600342-9,200105925001425503,14 pv netto
40,105925,Laatusähkäri Oy,104709,,,2025-06-16 00:00:00,2025-09-14 00:00:00,2025-06-16 10:44:58,882.0,0.0,2,Hyväksytty,Laatusähkäri Oy,2600342-9,200105925001425516,90 pv netto
40,105925,Laatusähkäri Oy,104710,,,2025-06-16 00:00:00,2025-12-12 00:00:00,2025-06-16 10:45:24,882.0,0.0,2,Hyväksytty,Laatusähkäri Oy,2600342-9,200105925001425529,180 pv netto
40,105925,Laatusähkäri Oy,104711,,,2025-06-16 00:00:00,2026-03-12 00:00:00,2025-06-16 10:45:46,882.0,0.0,2,Hyväksytty,Laatusähkäri Oy,2600342-9,200105925001425532,270 pv netto
40,105925,Laatusähkäri Oy,105983,,,2025-07-02 00:00:00,2025-07-16 00:00:00,2025-07-02 12:43:51,400.12,0.0,2,Hyväksytty,Laatusähkäri Oy,2600342-9,200105925001432787,14 pv netto
40,105925,Laatusähkäri Oy,106489,,,2025-07-10 00:00:00,2025-07-24 00:00:00,2025-07-10 10:31:06,391.88,0.0,2,Hyväksytty,Laatusähkäri Oy,2600342-9,200105925001435221,14 pv netto
40,105925,Laatusähkäri Oy,106583,,,2025-07-11 00:00:00,2025-07-25 00:00:00,2025-07-11 16:35:07,128.7,0.0,2,Hyväksytty,Laatusähkäri Oy,2600342-9,200105925001435577,14 pv netto
40,105925,Laatusähkäri Oy,109727,,,2025-08-26 00:00:00,2025-09-09 00:00:00,2025-08-26 15:21:33,125.32,0.0,2,Hyväksytty,Laatusähkäri Oy,2600342-9,200105925001450390,14 pv netto
40,105925,Laatusähkäri Oy,117643,,,2025-12-02 00:00:00,2025-12-02 00:00:00,2025-12-02 13:14:51,0.0,0.0,2,Hyväksytty,Laatusähkäri Oy,2600342-9,200105925001495054,
40,105925,Laatusähkäri Oy,118552,,,2025-12-12 00:00:00,2025-12-26 00:00:00,2025-12-12 13:41:26,170.0,0.0,2,Hyväksytty,Laatusähkäri Oy,2600342-9,200105925001500350,14 pv netto
41,103708,Hagmark OÜ,114488,,,2025-10-29 00:00:00,2025-11-12 00:00:00,2025-10-29 00:07:40,4680.0,0.0,2,Hyväksytty,Hagmark OÜ,2997283-1,200103708001474605,14 pv netto
41,103708,Hagmark OÜ,117166,,,2025-11-27 00:00:00,2025-11-27 00:00:00,2025-11-27 12:29:30,0.0,0.0,2,Hyväksytty,Hagmark OÜ,2997283-1,200103708001491471,
42,106079,diini oy,117201,,,2025-11-27 00:00:00,2025-11-27 00:00:00,2025-11-27 17:14:23,1032.0,0.0,2,Hyväksytty,diini oy,3017215-3,200106079001491699,Heti
42,106079,diini oy,117202,,,2025-11-27 00:00:00,2026-02-25 00:00:00,2025-11-27 17:22:30,1038.0,0.0,2,Hyväksytty,diini oy,3017215-3,200106079001491709,90 pv netto
42,106079,diini oy,117203,,,2025-11-27 00:00:00,2026-03-27 00:00:00,2026-04-14 14:28:49,1038.0,0.0,2,Hyväksytty,diini oy,3017215-3,200106079001491712,120 pv netto
42,106079,diini oy,117204,,,2025-11-27 00:00:00,2026-05-26 00:00:00,2026-04-14 14:29:16,1038.0,0.0,2,Hyväksytty,diini oy,3017215-3,200106079001491725,180 pv netto
42,106079,diini oy,118735,,,2025-12-15 00:00:00,2025-12-29 00:00:00,2025-12-15 21:10:19,492.0,0.0,2,Hyväksytty,diini oy,3017215-3,200106079001501398,14 pv netto
42,106079,diini oy,119413,,,2025-12-19 00:00:00,2025-12-19 00:00:00,2025-12-19 14:41:48,0.0,0.0,2,Hyväksytty,diini oy,3017215-3,200106079001506380,
42,106079,diini oy,129836,,,2026-04-14 00:00:00,2026-04-14 00:00:00,2026-04-14 14:28:52,-1038.0,0.0,2,Hyväksytty,diini oy,3017215-3,200106079001570264,
42,106079,diini oy,129837,,,2026-04-14 00:00:00,2026-04-14 00:00:00,2026-04-14 14:29:18,-1038.0,0.0,2,Hyväksytty,diini oy,3017215-3,200106079001570277,
42,106079,diini oy,129838,,,2026-04-14 00:00:00,2026-04-21 00:00:00,2026-04-14 14:30:56,1038.0,0.0,2,Hyväksytty,diini oy,3017215-3,200106079001570280,7 pv netto
42,106079,diini oy,129839,,,2026-04-14 00:00:00,2026-06-13 00:00:00,2026-04-14 14:31:35,1038.0,0.0,2,Hyväksytty,diini oy,3017215-3,200106079001570293,60 pv netto
43,103408,Obelix Consulting Oy,110232,,,2025-09-01 00:00:00,2025-09-15 00:00:00,2025-09-01 17:00:14,4611.5,0.0,2,Hyväksytty,Obelix Consulting Oy,1820636-5,200103408001453146,14 pv netto
44,105564,Kuopion steinerkouluyhdistys ry,104722,,,2025-06-16 00:00:00,2025-06-30 00:00:00,2025-06-16 12:31:56,99.0,0.0,2,Hyväksytty,Kuopion steinerkouluyhdistys ry,0774699-9,200105564001425566,14 pv netto
44,105564,Kuopion steinerkouluyhdistys ry,115916,,,2025-11-13 00:00:00,2025-11-13 00:00:00,2025-11-13 13:21:30,0.0,0.0,2,Hyväksytty,Kuopion steinerkouluyhdistys ry,0774699-9,200105564001483171,
44,105564,Kuopion steinerkouluyhdistys ry,117865,,,2025-12-04 00:00:00,2025-12-18 00:00:00,2025-12-04 11:16:00,2223.0,0.0,2,Hyväksytty,Kuopion steinerkouluyhdistys ry,0774699-9,200105564001496317,14 pv netto
44,105564,Kuopion steinerkouluyhdistys ry,124734,,,2026-02-27 00:00:00,2026-03-13 00:00:00,2026-02-27 00:09:50,2223.0,0.0,2,Hyväksytty,Kuopion steinerkouluyhdistys ry,0774699-9,200105564001536701,14 pv netto
44,105564,Kuopion steinerkouluyhdistys ry,132922,,,2026-05-13 00:00:00,2026-05-27 00:00:00,2026-05-13 14:28:53,60.1,0.0,2,Hyväksytty,Kuopion steinerkouluyhdistys ry,0774699-9,200105564001588759,14 pv netto
45,105258,LVI-Kartoitus Westerholm Oy,106867,,,2025-07-16 00:00:00,2025-07-30 00:00:00,2025-07-16 15:11:35,1086.0,0.0,2,Hyväksytty,LVI-Kartoitus Westerholm Oy,0800888-3,200105258001436942,14 pv netto
45,105258,LVI-Kartoitus Westerholm Oy,106868,,,2025-07-16 00:00:00,2025-11-03 00:00:00,2025-10-28 12:43:25,1086.0,0.0,2,Hyväksytty,LVI-Kartoitus Westerholm Oy,0800888-3,200105258001436955,90 pv netto
45,105258,LVI-Kartoitus Westerholm Oy,106869,,,2025-07-16 00:00:00,2026-01-11 00:00:00,2025-07-16 15:12:26,1086.0,0.0,2,Hyväksytty,LVI-Kartoitus Westerholm Oy,0800888-3,200105258001436968,180 pv netto
45,105258,LVI-Kartoitus Westerholm Oy,106870,,,2025-07-16 00:00:00,2026-04-12 00:00:00,2025-07-16 15:12:52,1086.0,0.0,2,Hyväksytty,LVI-Kartoitus Westerholm Oy,0800888-3,200105258001436971,270 pv netto
45,105258,LVI-Kartoitus Westerholm Oy,111493,,,2025-09-17 00:00:00,2025-10-01 00:00:00,2025-09-17 14:42:10,170.0,0.0,2,Hyväksytty,LVI-Kartoitus Westerholm Oy,0800888-3,200105258001459259,14 pv netto
45,105258,LVI-Kartoitus Westerholm Oy,121887,,,2026-01-23 00:00:00,2026-02-06 00:00:00,2026-01-23 14:01:20,23.2,0.0,2,Hyväksytty,LVI-Kartoitus Westerholm Oy,0800888-3,200105258001519490,14 pv netto
45,105258,LVI-Kartoitus Westerholm Oy,124260,,,2026-02-20 00:00:00,2026-03-06 00:00:00,2026-02-20 15:33:15,51.0,0.0,2,Hyväksytty,LVI-Kartoitus Westerholm Oy,0800888-3,200105258001533926,14 pv netto
45,105258,LVI-Kartoitus Westerholm Oy,125897,,,2026-03-11 00:00:00,2026-03-11 00:00:00,2026-03-11 14:33:18,0.0,0.0,2,Hyväksytty,LVI-Kartoitus Westerholm Oy,0800888-3,200105258001543576,
46,103546,Medizone Oy,104207,,,2025-06-05 00:00:00,2025-06-19 00:00:00,2025-06-05 13:38:27,2160.0,0.0,2,Hyväksytty,Medizone Oy,3130213-2,200103546001423889,14 pv netto
46,103546,Medizone Oy,104209,,,2025-06-05 00:00:00,2025-12-01 00:00:00,2025-06-05 13:40:02,2160.0,0.0,2,Hyväksytty,Medizone Oy,3130213-2,200103546001423892,180 pv netto
46,103546,Medizone Oy,114002,,,2025-10-22 00:00:00,2025-10-22 00:00:00,2025-10-22 14:15:16,0.0,0.0,2,Hyväksytty,Medizone Oy,3130213-2,200103546001471695,
46,103546,Medizone Oy,120420,,,2026-01-07 00:00:00,2026-01-21 00:00:00,2026-01-07 18:55:11,229.41,0.0,2,Hyväksytty,Medizone Oy,3130213-2,200103546001511500,14 pv netto
47,106393,Ravintola Werner Oy,108638,,,2025-08-12 00:00:00,2025-08-26 00:00:00,2025-08-12 08:29:39,1272.0,0.0,2,Hyväksytty,Ravintola Werner Oy,2923309-4,200106393001445415,14 pv netto
47,106393,Ravintola Werner Oy,108639,,,2025-08-12 00:00:00,2025-11-09 00:00:00,2025-08-12 08:30:04,1272.0,0.0,2,Hyväksytty,Ravintola Werner Oy,2923309-4,200106393001445428,90 pv netto
47,106393,Ravintola Werner Oy,108640,,,2025-08-12 00:00:00,2026-02-07 00:00:00,2025-08-12 08:30:35,1272.0,0.0,2,Hyväksytty,Ravintola Werner Oy,2923309-4,200106393001445431,180 pv netto
47,106393,Ravintola Werner Oy,108641,,,2025-08-12 00:00:00,2026-05-09 00:00:00,2026-05-05 13:57:21,1272.0,0.0,2,Hyväksytty,Ravintola Werner Oy,2923309-4,200106393001445444,270 pv netto
47,106393,Ravintola Werner Oy,109827,,,2025-08-27 00:00:00,2025-09-10 00:00:00,2025-08-27 12:32:52,136.2,0.0,2,Hyväksytty,Ravintola Werner Oy,2923309-4,200106393001450921,14 pv netto
47,106393,Ravintola Werner Oy,116397,,,2025-11-18 00:00:00,2025-12-02 00:00:00,2025-11-18 10:41:06,78.0,0.0,2,Hyväksytty,Ravintola Werner Oy,2923309-4,200106393001486571,14 pv netto
47,106393,Ravintola Werner Oy,116584,,,2025-11-19 00:00:00,2025-11-19 00:00:00,2025-11-19 15:52:58,0.0,0.0,2,Hyväksytty,Ravintola Werner Oy,2923309-4,200106393001487923,
47,106393,Ravintola Werner Oy,124698,,,2026-02-26 00:00:00,2026-03-12 00:00:00,2026-03-02 09:43:19,35.0,0.0,2,Hyväksytty,Ravintola Werner Oy,2923309-4,200106393001536515,14 pv netto
47,106393,Ravintola Werner Oy,125023,,,2026-03-02 00:00:00,2026-03-02 00:00:00,2026-03-02 09:43:23,-35.0,0.0,2,Hyväksytty,Ravintola Werner Oy,2923309-4,200106393001538843,
47,106393,Ravintola Werner Oy,131978,,,2026-05-05 00:00:00,2026-05-05 00:00:00,2026-05-05 13:57:24,-1272.0,0.0,2,Hyväksytty,Ravintola Werner Oy,2923309-4,200106393001583461,
47,106393,Ravintola Werner Oy,134644,,,2026-05-29 00:00:00,2026-06-12 00:00:00,2026-05-29 00:36:41,424.0,0.0,2,Hyväksytty,Ravintola Werner Oy,2923309-4,200106393001599756,14 pv netto
48,105092,Kapre Oy,103915,,,2025-06-01 00:00:00,2025-06-15 00:00:00,2025-06-01 17:00:20,657.0,0.0,2,Hyväksytty,Kapre Oy,3367568-8,200105092001422743,14 pv netto
48,105092,Kapre Oy,104850,,,2025-06-16 00:00:00,2025-06-30 00:00:00,2025-06-16 17:00:20,944.5,0.0,2,Hyväksytty,Kapre Oy,3367568-8,200105092001426590,14 pv netto
48,105092,Kapre Oy,105923,,,2025-07-01 00:00:00,2025-07-15 00:00:00,2025-07-01 17:00:21,462.55,0.0,2,Hyväksytty,Kapre Oy,3367568-8,200105092001432416,14 pv netto
48,105092,Kapre Oy,111372,,,2025-09-16 00:00:00,2025-09-30 00:00:00,2025-09-16 17:00:22,302.75,0.0,2,Hyväksytty,Kapre Oy,3367568-8,200105092001458487,14 pv netto
48,105092,Kapre Oy,112470,,,2025-10-01 00:00:00,2025-10-15 00:00:00,2025-10-01 17:00:22,286.25,0.0,2,Hyväksytty,Kapre Oy,3367568-8,200105092001464581,14 pv netto
48,105092,Kapre Oy,113571,,,2025-10-16 00:00:00,2025-10-30 00:00:00,2025-10-16 17:00:15,579.5,0.0,2,Hyväksytty,Kapre Oy,3367568-8,200105092001469492,14 pv netto
48,105092,Kapre Oy,114055,,,2025-10-23 00:00:00,2025-11-06 00:00:00,2025-10-23 09:32:34,258.0,0.0,2,Hyväksytty,Kapre Oy,3367568-8,200105092001472036,14 pv netto
48,105092,Kapre Oy,122534,,,2026-02-01 00:00:00,2026-04-30 00:00:00,2026-05-19 12:19:25,456.5,0.0,2,Hyväksytty,Kapre Oy,3367568-8,200105092001523309,14 pv netto
48,105092,Kapre Oy,123824,,,2026-02-16 00:00:00,2026-04-30 00:00:00,2026-05-19 12:20:13,129.0,0.0,2,Hyväksytty,Kapre Oy,3367568-8,200105092001531168,14 pv netto
48,105092,Kapre Oy,124971,,,2026-03-01 00:00:00,2026-04-30 00:00:00,2026-05-19 12:19:46,300.0,0.0,2,Hyväksytty,Kapre Oy,3367568-8,200105092001538365,14 pv netto
48,105092,Kapre Oy,126489,,,2026-03-16 00:00:00,2026-04-30 00:00:00,2026-05-19 12:20:45,67.77,13.77,2,Hyväksytty,Kapre Oy,3367568-8,200105092001547437,14 pv netto
49,105653,Moondo Oy,104289,,,2025-06-06 00:00:00,2025-06-06 00:00:00,2025-06-06 13:51:33,-190.0,0.0,2,Hyväksytty,Moondo Oy,2353328-0,200105653001424083,
49,105653,Moondo Oy,104290,,,2025-06-06 00:00:00,2025-06-20 00:00:00,2025-06-06 13:52:12,156.0,0.0,2,Hyväksytty,Moondo Oy,2353328-0,200105653001424096,14 pv netto
49,105653,Moondo Oy,110514,,,2025-09-03 00:00:00,2025-09-17 00:00:00,2025-09-03 15:26:09,170.0,0.0,2,Hyväksytty,Moondo Oy,2353328-0,200105653001454781,14 pv netto
49,105653,Moondo Oy,116383,,,2025-11-18 00:00:00,2025-12-02 00:00:00,2025-11-18 10:08:10,30.8,0.0,2,Hyväksytty,Moondo Oy,2353328-0,200105653001486487,14 pv netto
49,105653,Moondo Oy,120982,,,2026-01-14 00:00:00,2026-01-28 00:00:00,2026-01-14 15:09:39,2046.0,0.0,2,Hyväksytty,Moondo Oy,2353328-0,200105653001514252,14 pv netto
49,105653,Moondo Oy,122419,,,2026-01-30 00:00:00,2026-02-13 00:00:00,2026-01-30 14:54:40,137.0,0.0,2,Hyväksytty,Moondo Oy,2353328-0,200105653001522273,14 pv netto
49,105653,Moondo Oy,125999,,,2026-03-12 00:00:00,2026-03-12 00:00:00,2026-03-12 11:57:19,0.0,0.0,2,Hyväksytty,Moondo Oy,2353328-0,200105653001544109,
49,105653,Moondo Oy,128007,,,2026-04-01 00:00:00,2026-04-15 00:00:00,2026-04-01 00:14:49,2046.0,0.0,2,Hyväksytty,Moondo Oy,2353328-0,200105653001556511,14 pv netto
50,105624,Voisula Oy,105493,,,2025-06-27 00:00:00,2025-07-11 00:00:00,2025-06-27 11:37:19,78.0,0.0,2,Hyväksytty,Voisula Oy,2207850-3,200105624001429266,14 pv netto
50,105624,Voisula Oy,107487,,,2025-07-25 00:00:00,2025-07-25 00:00:00,2025-07-25 12:07:35,0.0,0.0,2,Hyväksytty,Voisula Oy,2207850-3,200105624001440106,
50,105624,Voisula Oy,120978,,,2026-01-14 00:00:00,2026-01-28 00:00:00,2026-01-14 15:06:09,2148.0,0.0,2,Hyväksytty,Voisula Oy,2207850-3,200105624001514223,14 pv netto
50,105624,Voisula Oy,129072,,,2026-04-05 00:00:00,2026-04-19 00:00:00,2026-04-05 02:05:49,2148.0,0.0,2,Hyväksytty,Voisula Oy,2207850-3,200105624001565971,14 pv netto
51,106889,viherio oy,106573,,,2025-07-11 00:00:00,2025-07-25 00:00:00,2025-07-11 15:44:59,263.6,0.0,2,Hyväksytty,viherio oy,3010270-2,200106889001435492,14 pv netto
51,106889,viherio oy,107580,,,2025-07-28 00:00:00,2025-08-11 00:00:00,2025-07-28 14:43:20,94.0,0.0,2,Hyväksytty,viherio oy,3010270-2,200106889001440490,14 pv netto
51,106889,viherio oy,109784,,,2025-08-27 00:00:00,2025-09-10 00:00:00,2025-08-27 08:52:04,483.0,0.0,2,Hyväksytty,viherio oy,3010270-2,200106889001450655,14 pv netto
51,106889,viherio oy,112274,,,2025-09-30 00:00:00,2025-10-14 00:00:00,2025-09-30 12:53:21,39.1,0.0,2,Hyväksytty,viherio oy,3010270-2,200106889001463189,14 pv netto
51,106889,viherio oy,114408,,,2025-10-28 00:00:00,2025-11-11 00:00:00,2025-10-28 11:02:16,556.7,0.0,2,Hyväksytty,viherio oy,3010270-2,200106889001474178,14 pv netto
51,106889,viherio oy,116477,,,2025-11-18 00:00:00,2025-11-18 00:00:00,2025-11-18 16:27:22,0.0,0.0,2,Hyväksytty,viherio oy,3010270-2,200106889001487097,
51,106889,viherio oy,116897,,,2025-11-24 00:00:00,2025-12-08 00:00:00,2025-11-24 14:00:07,139.0,0.0,2,Hyväksytty,viherio oy,3010270-2,200106889001489927,14 pv netto
51,106889,viherio oy,118466,,,2025-12-11 00:00:00,2025-12-25 00:00:00,2025-12-11 18:22:19,91.4,0.0,2,Hyväksytty,viherio oy,3010270-2,200106889001499865,14 pv netto
51,106889,viherio oy,118558,,,2025-12-12 00:00:00,2025-12-26 00:00:00,2025-12-12 13:55:22,952.78,0.0,2,Hyväksytty,viherio oy,3010270-2,200106889001500411,14 pv netto
51,106889,viherio oy,123382,,,2026-02-12 00:00:00,2026-02-26 00:00:00,2026-02-12 00:10:09,249.0,0.0,2,Hyväksytty,viherio oy,3010270-2,200106889001527779,14 pv netto
51,106889,viherio oy,124158,,,2026-02-20 00:00:00,2026-03-06 00:00:00,2026-02-20 08:46:22,859.52,0.0,2,Hyväksytty,viherio oy,3010270-2,200106889001533213,14 pv netto
51,106889,viherio oy,127393,,,2026-03-25 00:00:00,2026-04-08 00:00:00,2026-03-25 11:41:01,246.08,0.0,2,Hyväksytty,viherio oy,3010270-2,200106889001552906,14 pv netto
51,106889,viherio oy,132695,,,2026-05-12 00:00:00,2026-05-26 00:00:00,2026-05-12 00:35:40,249.0,0.0,2,Hyväksytty,viherio oy,3010270-2,200106889001587544,14 pv netto
52,104988,Tarteim OÜ,110288,,,2025-09-01 00:00:00,2025-09-15 00:00:00,2025-09-01 17:00:20,265.0,0.0,2,Hyväksytty,Tarteim OÜ,3284525-1,200104988001453704,14 pv netto
52,104988,Tarteim OÜ,111836,,,2025-09-23 00:00:00,2025-10-07 00:00:00,2025-09-23 07:31:50,240.0,0.0,2,Hyväksytty,Tarteim OÜ,3284525-1,200104988001460962,14 pv netto
52,104988,Tarteim OÜ,112467,,,2025-10-01 00:00:00,2025-10-15 00:00:00,2025-10-01 17:00:22,166.5,0.0,2,Hyväksytty,Tarteim OÜ,3284525-1,200104988001464557,14 pv netto
52,104988,Tarteim OÜ,128357,,,2026-04-01 00:00:00,2026-05-20 00:00:00,2026-05-11 13:02:55,79.77,13.77,2,Hyväksytty,Tarteim OÜ,3284525-1,200104988001559569,14 pv netto
52,104988,Tarteim OÜ,129942,,,2026-04-15 00:00:00,2026-04-29 00:00:00,2026-04-15 14:51:43,1782.0,0.0,2,Hyväksytty,Tarteim OÜ,3284525-1,200104988001570645,14 pv netto
52,104988,Tarteim OÜ,132612,,,2026-05-11 00:00:00,2026-05-25 00:00:00,2026-05-11 13:04:40,1686.0,0.0,2,Hyväksytty,Tarteim OÜ,3284525-1,200104988001587094,14 pv netto
53,107521,HardCoreIT Oy,111143,,,2025-09-15 00:00:00,2025-09-29 00:00:00,2025-09-15 08:31:01,484.0,0.0,2,Hyväksytty,HardCoreIT Oy,2799975-8,200107521001457070,14 pv netto
53,107521,HardCoreIT Oy,112320,,,2025-10-01 00:00:00,2025-10-15 00:00:00,2025-10-01 01:33:04,484.0,0.0,2,Hyväksytty,HardCoreIT Oy,2799975-8,200107521001463336,14 pv netto
53,107521,HardCoreIT Oy,114291,,,2025-10-27 00:00:00,2025-10-27 00:00:00,2025-10-27 12:06:12,0.0,0.0,2,Hyväksytty,HardCoreIT Oy,2799975-8,200107521001473575,
53,107521,HardCoreIT Oy,114804,,,2025-11-01 00:00:00,2025-11-15 00:00:00,2025-11-01 00:02:30,484.0,0.0,2,Hyväksytty,HardCoreIT Oy,2799975-8,200107521001476378,14 pv netto
53,107521,HardCoreIT Oy,117365,,,2025-12-01 00:00:00,2025-12-15 00:00:00,2025-12-01 00:02:41,484.0,0.0,2,Hyväksytty,HardCoreIT Oy,2799975-8,200107521001493047,14 pv netto
53,107521,HardCoreIT Oy,120095,,,2026-01-01 00:00:00,2026-01-15 00:00:00,2026-01-19 14:22:14,484.0,0.0,2,Hyväksytty,HardCoreIT Oy,2799975-8,200107521001509889,14 pv netto
53,107521,HardCoreIT Oy,121465,,,2026-01-19 00:00:00,2026-01-19 00:00:00,2026-01-19 14:22:19,-484.0,0.0,2,Hyväksytty,HardCoreIT Oy,2799975-8,200107521001517392,
53,107521,HardCoreIT Oy,121579,,,2026-01-20 00:00:00,2026-02-03 00:00:00,2026-01-20 14:31:00,453.0,0.0,2,Hyväksytty,HardCoreIT Oy,2799975-8,200107521001517994,14 pv netto
53,107521,HardCoreIT Oy,122463,,,2026-02-01 00:00:00,2026-02-15 00:00:00,2026-02-01 00:05:29,453.0,0.0,2,Hyväksytty,HardCoreIT Oy,2799975-8,200107521001522594,14 pv netto
53,107521,HardCoreIT Oy,124895,,,2026-03-01 00:00:00,2026-03-15 00:00:00,2026-03-01 00:10:49,453.0,0.0,2,Hyväksytty,HardCoreIT Oy,2799975-8,200107521001537602,14 pv netto
53,107521,HardCoreIT Oy,127825,,,2026-03-30 00:00:00,2026-03-30 00:00:00,2026-03-30 12:12:46,0.0,0.0,2,Hyväksytty,HardCoreIT Oy,2799975-8,200107521001555448,
53,107521,HardCoreIT Oy,128012,,,2026-04-01 00:00:00,2026-04-15 00:00:00,2026-04-01 00:24:51,453.0,0.0,2,Hyväksytty,HardCoreIT Oy,2799975-8,200107521001556560,14 pv netto
53,107521,HardCoreIT Oy,131611,,,2026-05-01 00:00:00,2026-05-15 00:00:00,2026-05-01 00:26:38,453.0,0.0,2,Hyväksytty,HardCoreIT Oy,2799975-8,200107521001580808,14 pv netto
54,105158,A.T. Sillanpää Oy,104202,,,2025-06-05 00:00:00,2025-06-19 00:00:00,2025-06-05 12:11:38,97.0,0.0,2,Hyväksytty,A.T. Sillanpää Oy,2522441-4,200105158001423877,14 pv netto
54,105158,A.T. Sillanpää Oy,105609,,,2025-06-30 00:00:00,2025-07-14 00:00:00,2025-06-30 09:24:40,441.0,0.0,2,Hyväksytty,A.T. Sillanpää Oy,2522441-4,200105158001430116,14 pv netto
54,105158,A.T. Sillanpää Oy,105610,,,2025-06-30 00:00:00,2025-09-28 00:00:00,2025-06-30 09:25:04,441.0,0.0,2,Hyväksytty,A.T. Sillanpää Oy,2522441-4,200105158001430129,90 pv netto
54,105158,A.T. Sillanpää Oy,105611,,,2025-06-30 00:00:00,2025-12-26 00:00:00,2025-06-30 09:25:24,441.0,0.0,2,Hyväksytty,A.T. Sillanpää Oy,2522441-4,200105158001430132,180 pv netto
54,105158,A.T. Sillanpää Oy,105612,,,2025-06-30 00:00:00,2026-03-26 00:00:00,2025-06-30 09:25:43,441.0,0.0,2,Hyväksytty,A.T. Sillanpää Oy,2522441-4,200105158001430145,270 pv netto
54,105158,A.T. Sillanpää Oy,105788,,,2025-07-01 00:00:00,2025-07-15 00:00:00,2025-07-01 15:58:47,97.0,0.0,2,Hyväksytty,A.T. Sillanpää Oy,2522441-4,200105158001431102,14 pv netto
54,105158,A.T. Sillanpää Oy,106815,,,2025-07-16 00:00:00,2025-07-30 00:00:00,2025-07-16 10:42:43,94.0,0.0,2,Hyväksytty,A.T. Sillanpää Oy,2522441-4,200105158001436686,14 pv netto
54,105158,A.T. Sillanpää Oy,108740,,,2025-08-13 00:00:00,2025-08-27 00:00:00,2025-08-13 10:40:58,154.45,0.0,2,Hyväksytty,A.T. Sillanpää Oy,2522441-4,200105158001445619,14 pv netto
54,105158,A.T. Sillanpää Oy,112958,,,2025-10-08 00:00:00,2025-10-22 00:00:00,2025-10-08 14:26:20,215.0,0.0,2,Hyväksytty,A.T. Sillanpää Oy,2522441-4,200105158001466821,14 pv netto
54,105158,A.T. Sillanpää Oy,113612,,,2025-10-16 00:00:00,2025-10-30 00:00:00,2025-10-16 19:17:53,188.0,0.0,2,Hyväksytty,A.T. Sillanpää Oy,2522441-4,200105158001469815,14 pv netto
54,105158,A.T. Sillanpää Oy,113645,,,2025-10-17 00:00:00,2025-10-31 00:00:00,2025-10-17 11:58:19,102.7,0.0,2,Hyväksytty,A.T. Sillanpää Oy,2522441-4,200105158001469970,14 pv netto
54,105158,A.T. Sillanpää Oy,116264,,,2025-11-17 00:00:00,2025-12-01 00:00:00,2025-11-17 12:06:42,275.7,0.0,2,Hyväksytty,A.T. Sillanpää Oy,2522441-4,200105158001485789,14 pv netto
54,105158,A.T. Sillanpää Oy,116597,,,2025-11-19 00:00:00,2025-11-19 00:00:00,2025-11-19 16:27:47,0.0,0.0,2,Hyväksytty,A.T. Sillanpää Oy,2522441-4,200105158001488032,
54,105158,A.T. Sillanpää Oy,119115,,,2025-12-17 00:00:00,2025-12-31 00:00:00,2025-12-17 13:17:03,149.0,0.0,2,Hyväksytty,A.T. Sillanpää Oy,2522441-4,200105158001504424,14 pv netto
54,105158,A.T. Sillanpää Oy,121839,,,2026-01-23 00:00:00,2026-02-06 00:00:00,2026-01-23 10:27:56,180.7,0.0,2,Hyväksytty,A.T. Sillanpää Oy,2522441-4,200105158001519260,14 pv netto
54,105158,A.T. Sillanpää Oy,123531,,,2026-02-13 00:00:00,2026-02-27 00:00:00,2026-02-13 15:55:17,137.0,0.0,2,Hyväksytty,A.T. Sillanpää Oy,2522441-4,200105158001528675,14 pv netto
54,105158,A.T. Sillanpää Oy,127502,,,2026-03-26 00:00:00,2026-04-09 00:00:00,2026-03-26 10:26:31,83.0,0.0,2,Hyväksytty,A.T. Sillanpää Oy,2522441-4,200105158001553462,14 pv netto
54,105158,A.T. Sillanpää Oy,130480,,,2026-04-20 00:00:00,2026-05-04 00:00:00,2026-04-20 12:54:44,158.0,0.0,2,Hyväksytty,A.T. Sillanpää Oy,2522441-4,200105158001574357,14 pv netto
54,105158,A.T. Sillanpää Oy,132917,,,2026-05-13 00:00:00,2026-05-27 00:00:00,2026-05-13 14:23:24,214.1,0.0,2,Hyväksytty,A.T. Sillanpää Oy,2522441-4,200105158001588712,14 pv netto
54,105158,A.T. Sillanpää Oy,134489,,,2026-05-27 00:00:00,2026-06-10 00:00:00,2026-05-27 16:44:43,270.9,0.0,2,Hyväksytty,A.T. Sillanpää Oy,2522441-4,200105158001598825,14 pv netto
55,107474,Weldpipemetall Oü,110517,,,2025-09-03 00:00:00,2025-09-17 00:00:00,2025-09-03 15:58:15,4110.0,0.0,2,Hyväksytty,Weldpipemetall Oü,2702205-8,200107474001454803,14 pv netto
55,107474,Weldpipemetall Oü,110518,,,2025-09-03 00:00:00,2025-09-17 00:00:00,2025-09-04 09:30:50,4109.94,0.0,2,Hyväksytty,Weldpipemetall Oü,2702205-8,200107474001454816,14 pv netto
55,107474,Weldpipemetall Oü,110557,,,2025-09-04 00:00:00,2025-09-04 00:00:00,2025-09-04 09:30:52,-4109.94,0.0,2,Hyväksytty,Weldpipemetall Oü,2702205-8,200107474001454942,
55,107474,Weldpipemetall Oü,118566,,,2025-12-12 00:00:00,2025-12-12 00:00:00,2025-12-12 14:22:32,0.0,0.0,2,Hyväksytty,Weldpipemetall Oü,2702205-8,200107474001500472,
56,107144,Palvelukoti Vantaan Kaskelanrinne Oy,107149,,,2025-07-18 00:00:00,2025-08-01 00:00:00,2025-07-18 11:56:22,542.7,0.0,2,Hyväksytty,Palvelukoti Vantaan Kaskelanrinne Oy,3255844-7,200107144001439064,14 pv netto
56,107144,Palvelukoti Vantaan Kaskelanrinne Oy,109819,,,2025-08-27 00:00:00,2025-09-10 00:00:00,2025-08-27 12:13:47,125.6,0.0,2,Hyväksytty,Palvelukoti Vantaan Kaskelanrinne Oy,3255844-7,200107144001450878,14 pv netto
56,107144,Palvelukoti Vantaan Kaskelanrinne Oy,113503,,,2025-10-16 00:00:00,2025-10-16 00:00:00,2025-10-16 14:36:17,0.0,0.0,2,Hyväksytty,Palvelukoti Vantaan Kaskelanrinne Oy,3255844-7,200107144001468954,
56,107144,Palvelukoti Vantaan Kaskelanrinne Oy,116389,,,2025-11-18 00:00:00,2025-12-02 00:00:00,2025-11-18 10:31:07,1363.4,0.0,2,Hyväksytty,Palvelukoti Vantaan Kaskelanrinne Oy,3255844-7,200107144001486538,14 pv netto
56,107144,Palvelukoti Vantaan Kaskelanrinne Oy,119113,,,2025-12-17 00:00:00,2025-12-31 00:00:00,2025-12-17 13:14:14,88.8,0.0,2,Hyväksytty,Palvelukoti Vantaan Kaskelanrinne Oy,3255844-7,200107144001504410,14 pv netto
56,107144,Palvelukoti Vantaan Kaskelanrinne Oy,130951,,,2026-04-24 00:00:00,2026-05-08 00:00:00,2026-04-24 00:42:36,1933.0,0.0,2,Hyväksytty,Palvelukoti Vantaan Kaskelanrinne Oy,3255844-7,200107144001577311,14 pv netto
57,101163,Meri-Helsingin musiikkiopiston kannatusyhdistys r.y,103846,,,2025-06-01 00:00:00,2025-06-15 00:00:00,2025-06-01 17:00:12,727.6,0.0,2,Hyväksytty,Meri-Helsingin musiikkiopiston kannatusyhdistys r.y,1953697-2,200101163001422058,14 pv netto
57,101163,Meri-Helsingin musiikkiopiston kannatusyhdistys r.y,104779,,,2025-06-16 00:00:00,2025-06-30 00:00:00,2025-06-16 17:00:12,61.75,0.0,2,Hyväksytty,Meri-Helsingin musiikkiopiston kannatusyhdistys r.y,1953697-2,200101163001425880,14 pv netto
57,101163,Meri-Helsingin musiikkiopiston kannatusyhdistys r.y,105881,,,2025-07-01 00:00:00,2025-07-15 00:00:00,2025-07-01 17:00:18,12.0,0.0,2,Hyväksytty,Meri-Helsingin musiikkiopiston kannatusyhdistys r.y,1953697-2,200101163001431997,14 pv netto
57,101163,Meri-Helsingin musiikkiopiston kannatusyhdistys r.y,107962,,,2025-08-01 00:00:00,2025-08-15 00:00:00,2025-08-01 17:00:06,107.0,0.0,2,Hyväksytty,Meri-Helsingin musiikkiopiston kannatusyhdistys r.y,1953697-2,200101163001442229,14 pv netto
57,101163,Meri-Helsingin musiikkiopiston kannatusyhdistys r.y,108964,,,2025-08-16 00:00:00,2025-08-30 00:00:00,2025-08-16 17:00:10,26.0,0.0,2,Hyväksytty,Meri-Helsingin musiikkiopiston kannatusyhdistys r.y,1953697-2,200101163001446319,14 pv netto
57,101163,Meri-Helsingin musiikkiopiston kannatusyhdistys r.y,110205,,,2025-09-01 00:00:00,2025-09-15 00:00:00,2025-09-01 17:00:11,229.6,0.0,2,Hyväksytty,Meri-Helsingin musiikkiopiston kannatusyhdistys r.y,1953697-2,200101163001452879,14 pv netto
57,101163,Meri-Helsingin musiikkiopiston kannatusyhdistys r.y,117513,,,2025-12-01 00:00:00,2025-12-15 00:00:00,2025-12-01 17:00:23,625.4,0.0,2,Hyväksytty,Meri-Helsingin musiikkiopiston kannatusyhdistys r.y,1953697-2,200101163001494170,14 pv netto
57,101163,Meri-Helsingin musiikkiopiston kannatusyhdistys r.y,119659,,,2025-12-23 00:00:00,2026-01-06 00:00:00,2025-12-23 16:43:14,1711.0,0.0,2,Hyväksytty,Meri-Helsingin musiikkiopiston kannatusyhdistys r.y,1953697-2,200101163001507465,14 pv netto
57,101163,Meri-Helsingin musiikkiopiston kannatusyhdistys r.y,121293,,,2026-01-16 00:00:00,2026-01-30 00:00:00,2026-01-16 17:00:06,108.0,0.0,2,Hyväksytty,Meri-Helsingin musiikkiopiston kannatusyhdistys r.y,1953697-2,200101163001516139,14 pv netto
57,101163,Meri-Helsingin musiikkiopiston kannatusyhdistys r.y,122506,,,2026-02-01 00:00:00,2026-02-15 00:00:00,2026-02-01 17:00:12,332.2,0.0,2,Hyväksytty,Meri-Helsingin musiikkiopiston kannatusyhdistys r.y,1953697-2,200101163001523025,14 pv netto
57,101163,Meri-Helsingin musiikkiopiston kannatusyhdistys r.y,128714,,,2026-04-01 00:00:00,2026-04-15 00:00:00,2026-04-01 17:01:19,67.77,13.77,2,Hyväksytty,Meri-Helsingin musiikkiopiston kannatusyhdistys r.y,1953697-2,200101163001563137,14 pv netto
57,101163,Meri-Helsingin musiikkiopiston kannatusyhdistys r.y,133215,,,2026-05-16 00:00:00,2026-05-30 00:00:00,2026-05-16 17:00:12,17.0,0.0,2,Hyväksytty,Meri-Helsingin musiikkiopiston kannatusyhdistys r.y,1953697-2,200101163001590715,14 pv netto
58,107710,Benevan Oy,114409,,,2025-10-28 00:00:00,2025-11-11 00:00:00,2025-10-28 11:02:28,558.0,0.0,2,Hyväksytty,Benevan Oy,3208709-1,200107710001474165,14 pv netto
58,107710,Benevan Oy,115979,,,2025-11-14 00:00:00,2025-11-28 00:00:00,2025-11-14 00:04:49,558.0,0.0,2,Hyväksytty,Benevan Oy,3208709-1,200107710001483554,14 pv netto
58,107710,Benevan Oy,118432,,,2025-12-11 00:00:00,2025-12-11 00:00:00,2025-12-11 15:05:09,0.0,0.0,2,Hyväksytty,Benevan Oy,3208709-1,200107710001499580,
58,107710,Benevan Oy,120875,,,2026-01-14 00:00:00,2026-01-28 00:00:00,2026-01-14 00:05:09,558.0,0.0,2,Hyväksytty,Benevan Oy,3208709-1,200107710001513547,14 pv netto
58,107710,Benevan Oy,123562,,,2026-02-14 00:00:00,2026-02-28 00:00:00,2026-02-14 00:17:59,558.0,0.0,2,Hyväksytty,Benevan Oy,3208709-1,200107710001528859,14 pv netto
58,107710,Benevan Oy,126165,,,2026-03-14 00:00:00,2026-03-28 00:00:00,2026-03-14 00:21:50,558.0,0.0,2,Hyväksytty,Benevan Oy,3208709-1,200107710001544888,14 pv netto
58,107710,Benevan Oy,129776,,,2026-04-14 00:00:00,2026-04-28 00:00:00,2026-04-14 00:13:49,558.0,0.0,2,Hyväksytty,Benevan Oy,3208709-1,200107710001570014,14 pv netto
58,107710,Benevan Oy,132970,,,2026-05-14 00:00:00,2026-05-28 00:00:00,2026-05-14 00:08:42,558.0,0.0,2,Hyväksytty,Benevan Oy,3208709-1,200107710001588912,14 pv netto
59,104100,Intu Enterprises Oy,104832,,,2025-06-16 00:00:00,2025-06-30 00:00:00,2025-06-16 17:00:17,81.0,0.0,2,Hyväksytty,Intu Enterprises Oy,3218485-2,200104100001426412,14 pv netto
59,104100,Intu Enterprises Oy,105910,,,2025-07-01 00:00:00,2025-07-15 00:00:00,2025-07-01 17:00:20,1516.0,0.0,2,Hyväksytty,Intu Enterprises Oy,3218485-2,200104100001432286,14 pv netto
59,104100,Intu Enterprises Oy,111353,,,2025-09-16 00:00:00,2025-09-30 00:00:00,2025-09-16 17:00:20,106.75,0.0,2,Hyväksytty,Intu Enterprises Oy,3218485-2,200104100001458299,14 pv netto
59,104100,Intu Enterprises Oy,112437,,,2025-10-01 00:00:00,2025-10-15 00:00:00,2025-10-01 17:00:19,68.0,0.0,2,Hyväksytty,Intu Enterprises Oy,3218485-2,200104100001464254,14 pv netto
59,104100,Intu Enterprises Oy,113555,,,2025-10-16 00:00:00,2025-10-30 00:00:00,2025-10-16 17:00:13,260.2,0.0,2,Hyväksytty,Intu Enterprises Oy,3218485-2,200104100001469330,14 pv netto
59,104100,Intu Enterprises Oy,114886,,,2025-11-01 00:00:00,2025-11-15 00:00:00,2025-11-01 17:00:13,91.4,0.0,2,Hyväksytty,Intu Enterprises Oy,3218485-2,200104100001477186,14 pv netto
59,104100,Intu Enterprises Oy,120066,,,2025-12-31 00:00:00,2026-01-14 00:00:00,2025-12-31 17:00:08,159.8,0.0,2,Hyväksytty,Intu Enterprises Oy,3218485-2,200104100001509630,14 pv netto
59,104100,Intu Enterprises Oy,121316,,,2026-01-16 00:00:00,2026-01-30 00:00:00,2026-01-16 17:00:08,84.0,0.0,2,Hyväksytty,Intu Enterprises Oy,3218485-2,200104100001516364,14 pv netto
59,104100,Intu Enterprises Oy,122524,,,2026-02-01 00:00:00,2026-02-15 00:00:00,2026-02-01 17:00:14,112.0,0.0,2,Hyväksytty,Intu Enterprises Oy,3218485-2,200104100001523205,14 pv netto
59,104100,Intu Enterprises Oy,123811,,,2026-02-16 00:00:00,2026-03-02 00:00:00,2026-02-16 17:00:18,169.0,0.0,2,Hyväksytty,Intu Enterprises Oy,3218485-2,200104100001531035,14 pv netto
59,104100,Intu Enterprises Oy,124958,,,2026-03-01 00:00:00,2026-03-15 00:00:00,2026-03-01 17:00:19,447.4,0.0,2,Hyväksytty,Intu Enterprises Oy,3218485-2,200104100001538232,14 pv netto
59,104100,Intu Enterprises Oy,126460,,,2026-03-16 00:00:00,2026-03-30 00:00:00,2026-03-16 17:00:26,140.8,0.0,2,Hyväksytty,Intu Enterprises Oy,3218485-2,200104100001547142,14 pv netto
59,104100,Intu Enterprises Oy,128199,,,2026-04-01 00:00:00,2026-04-15 00:00:00,2026-04-01 17:00:14,491.17,13.77,2,Hyväksytty,Intu Enterprises Oy,3218485-2,200104100001557983,14 pv netto
59,104100,Intu Enterprises Oy,131684,,,2026-05-01 00:00:00,2026-05-15 00:00:00,2026-05-01 17:00:18,26.0,0.0,2,Hyväksytty,Intu Enterprises Oy,3218485-2,200104100001581535,14 pv netto
59,104100,Intu Enterprises Oy,132803,,,2026-05-12 00:00:00,2026-05-26 00:00:00,2026-05-12 17:14:30,123.8,0.0,2,Hyväksytty,Intu Enterprises Oy,3218485-2,200104100001588059,14 pv netto
60,105068,Ideapata Oy Jollas89 Hotelli,103908,,,2025-06-01 00:00:00,2025-06-15 00:00:00,2025-06-01 17:00:20,179.5,0.0,2,Hyväksytty,Ideapata Oy Jollas89 Hotelli,2507619-1,200105068001422670,14 pv netto
60,105068,Ideapata Oy Jollas89 Hotelli,104846,,,2025-06-16 00:00:00,2025-06-30 00:00:00,2025-06-16 17:00:20,232.75,0.0,2,Hyväksytty,Ideapata Oy Jollas89 Hotelli,2507619-1,200105068001426553,14 pv netto
60,105068,Ideapata Oy Jollas89 Hotelli,105712,,,2025-06-30 00:00:00,2025-07-14 00:00:00,2025-07-01 13:43:45,-55.8,0.0,2,Hyväksytty,Ideapata Oy Jollas89 Hotelli,2507619-1,200105068001430756,14 pv netto
60,105068,Ideapata Oy Jollas89 Hotelli,105772,,,2025-07-01 00:00:00,2025-07-15 00:00:00,2025-07-01 13:43:48,55.8,0.0,2,Hyväksytty,Ideapata Oy Jollas89 Hotelli,2507619-1,200105068001431085,14 pv netto
60,105068,Ideapata Oy Jollas89 Hotelli,105943,,,2025-07-01 00:00:00,2025-07-15 00:00:00,2025-07-01 17:00:24,129.75,0.0,2,Hyväksytty,Ideapata Oy Jollas89 Hotelli,2507619-1,200105068001432615,14 pv netto
60,105068,Ideapata Oy Jollas89 Hotelli,107447,,,2025-07-24 00:00:00,2025-08-07 00:00:00,2025-07-24 17:00:06,245.75,0.0,2,Hyväksytty,Ideapata Oy Jollas89 Hotelli,2507619-1,200105068001440021,14 pv netto
60,105068,Ideapata Oy Jollas89 Hotelli,108095,,,2025-08-01 00:00:00,2025-08-15 00:00:00,2025-08-27 13:54:12,45.25,0.0,2,Hyväksytty,Ideapata Oy Jollas89 Hotelli,2507619-1,200105068001443549,14 pv netto
60,105068,Ideapata Oy Jollas89 Hotelli,108704,,,2025-08-12 00:00:00,2025-08-26 00:00:00,2025-08-12 17:00:11,78.0,0.0,2,Hyväksytty,Ideapata Oy Jollas89 Hotelli,2507619-1,200105068001445576,14 pv netto
60,105068,Ideapata Oy Jollas89 Hotelli,109839,,,2025-08-27 00:00:00,2025-08-27 00:00:00,2025-08-27 13:54:16,-45.25,0.0,2,Hyväksytty,Ideapata Oy Jollas89 Hotelli,2507619-1,200105068001450985,
60,105068,Ideapata Oy Jollas89 Hotelli,109840,,,2025-08-27 00:00:00,2025-09-10 00:00:00,2025-08-27 14:09:17,191.0,0.0,2,Hyväksytty,Ideapata Oy Jollas89 Hotelli,2507619-1,200105068001450998,14 pv netto
60,105068,Ideapata Oy Jollas89 Hotelli,109908,,,2025-08-28 00:00:00,2025-09-11 00:00:00,2025-08-28 10:26:55,25.75,0.0,2,Hyväksytty,Ideapata Oy Jollas89 Hotelli,2507619-1,200105068001451340,14 pv netto
60,105068,Ideapata Oy Jollas89 Hotelli,111371,,,2025-09-16 00:00:00,2025-09-30 00:00:00,2025-09-16 17:00:22,443.0,0.0,2,Hyväksytty,Ideapata Oy Jollas89 Hotelli,2507619-1,200105068001458479,14 pv netto
60,105068,Ideapata Oy Jollas89 Hotelli,112469,,,2025-10-01 00:00:00,2025-10-15 00:00:00,2025-10-01 17:00:22,624.13,0.0,2,Hyväksytty,Ideapata Oy Jollas89 Hotelli,2507619-1,200105068001464573,14 pv netto
60,105068,Ideapata Oy Jollas89 Hotelli,117557,,,2025-12-01 00:00:00,2025-12-15 00:00:00,2025-12-01 17:00:27,267.0,0.0,2,Hyväksytty,Ideapata Oy Jollas89 Hotelli,2507619-1,200105068001494611,14 pv netto
60,105068,Ideapata Oy Jollas89 Hotelli,121320,,,2026-01-16 00:00:00,2026-01-30 00:00:00,2026-01-16 17:00:09,26.0,0.0,2,Hyväksytty,Ideapata Oy Jollas89 Hotelli,2507619-1,200105068001516405,14 pv netto
60,105068,Ideapata Oy Jollas89 Hotelli,122533,,,2026-02-01 00:00:00,2026-02-15 00:00:00,2026-02-01 17:00:15,483.0,0.0,2,Hyväksytty,Ideapata Oy Jollas89 Hotelli,2507619-1,200105068001523294,14 pv netto
60,105068,Ideapata Oy Jollas89 Hotelli,124970,,,2026-03-01 00:00:00,2026-03-15 00:00:00,2026-03-01 17:00:20,132.5,0.0,2,Hyväksytty,Ideapata Oy Jollas89 Hotelli,2507619-1,200105068001538357,14 pv netto
60,105068,Ideapata Oy Jollas89 Hotelli,126488,,,2026-03-16 00:00:00,2026-03-30 00:00:00,2026-03-16 17:00:28,448.0,0.0,2,Hyväksytty,Ideapata Oy Jollas89 Hotelli,2507619-1,200105068001547429,14 pv netto
60,105068,Ideapata Oy Jollas89 Hotelli,128372,,,2026-04-01 00:00:00,2026-04-15 00:00:00,2026-04-01 17:00:23,103.77,13.77,2,Hyväksytty,Ideapata Oy Jollas89 Hotelli,2507619-1,200105068001559718,14 pv netto
60,105068,Ideapata Oy Jollas89 Hotelli,134046,,,2026-05-23 00:00:00,2026-06-06 00:00:00,2026-05-23 09:16:38,244.0,0.0,2,Hyväksytty,Ideapata Oy Jollas89 Hotelli,2507619-1,200105068001596124,14 pv netto
61,107091,Nordic C-Creditor Oy,110451,,,2025-09-03 00:00:00,2025-09-17 00:00:00,2025-09-03 08:12:11,103.0,0.0,2,Hyväksytty,Nordic C-Creditor Oy,2485085-1,200107091001454545,14 pv netto
61,107091,Nordic C-Creditor Oy,116013,,,2025-11-14 00:00:00,2025-11-14 00:00:00,2025-11-14 10:45:29,0.0,0.0,2,Hyväksytty,Nordic C-Creditor Oy,2485085-1,200107091001483804,
61,107091,Nordic C-Creditor Oy,118715,,,2025-12-15 00:00:00,2026-01-14 00:00:00,2026-01-09 13:12:16,78.0,0.0,2,Hyväksytty,Nordic C-Creditor Oy,2485085-1,200107091001501320,14 pv netto
61,107091,Nordic C-Creditor Oy,129491,,,2026-04-10 00:00:00,2026-04-24 00:00:00,2026-04-10 00:19:49,3650.0,0.0,2,Hyväksytty,Nordic C-Creditor Oy,2485085-1,200107091001568402,14 pv netto
62,105308,Otron Oy,109143,,,2025-08-19 00:00:00,2025-09-02 00:00:00,2025-08-19 12:48:05,947.7,0.0,2,Hyväksytty,Otron Oy,3341184-2,200105308001447357,14 pv netto
62,105308,Otron Oy,109144,,,2025-08-19 00:00:00,2025-09-02 00:00:00,2025-08-19 12:49:45,947.7,0.0,2,Hyväksytty,Otron Oy,3341184-2,200105308001447360,14 pv netto
62,105308,Otron Oy,109145,,,2025-08-19 00:00:00,2025-08-19 00:00:00,2025-08-19 12:49:59,-947.7,0.0,2,Hyväksytty,Otron Oy,3341184-2,200105308001447373,
62,105308,Otron Oy,109146,,,2025-08-19 00:00:00,2025-11-16 00:00:00,2025-08-19 12:50:23,947.7,0.0,2,Hyväksytty,Otron Oy,3341184-2,200105308001447386,90 pv netto
62,105308,Otron Oy,109147,,,2025-08-19 00:00:00,2026-02-14 00:00:00,2026-01-16 14:41:44,947.7,0.0,2,Hyväksytty,Otron Oy,3341184-2,200105308001447399,180 pv netto
62,105308,Otron Oy,109148,,,2025-08-19 00:00:00,2026-05-16 00:00:00,2026-01-16 14:43:01,947.7,0.0,2,Hyväksytty,Otron Oy,3341184-2,200105308001447409,270 pv netto
62,105308,Otron Oy,121248,,,2026-01-16 00:00:00,2026-01-16 00:00:00,2026-01-16 14:41:52,-947.7,0.0,2,Hyväksytty,Otron Oy,3341184-2,200105308001515771,
62,105308,Otron Oy,121249,,,2026-01-16 00:00:00,2026-01-16 00:00:00,2026-01-16 14:43:05,-947.7,0.0,2,Hyväksytty,Otron Oy,3341184-2,200105308001515784,
62,105308,Otron Oy,121250,,,2026-01-16 00:00:00,2026-02-15 00:00:00,2026-01-16 14:43:29,947.7,0.0,2,Hyväksytty,Otron Oy,3341184-2,200105308001515797,30 pv netto
62,105308,Otron Oy,121251,,,2026-01-16 00:00:00,2026-05-16 00:00:00,2026-01-16 14:43:59,947.7,0.0,2,Hyväksytty,Otron Oy,3341184-2,200105308001515807,120 pv netto
62,105308,Otron Oy,124419,,,2026-02-23 00:00:00,2026-02-23 00:00:00,2026-02-23 15:30:38,0.0,0.0,2,Hyväksytty,Otron Oy,3341184-2,200105308001534998,
63,104765,Sportti Iltapäiväkerhot Oy,122700,,,2026-02-03 00:00:00,2026-02-17 00:00:00,2026-02-03 09:27:32,3675.0,0.0,2,Hyväksytty,Sportti Iltapäiväkerhot Oy,2928132-8,200104765001524319,14 pv netto
63,104765,Sportti Iltapäiväkerhot Oy,128302,,,2026-04-01 00:00:00,2026-04-15 00:00:00,2026-04-01 17:00:20,67.77,13.77,2,Hyväksytty,Sportti Iltapäiväkerhot Oy,2928132-8,200104765001559012,14 pv netto
64,107847,Sandstone Rakennus Oy,117126,,,2025-11-26 00:00:00,2025-12-10 00:00:00,2025-11-26 22:01:19,530.0,0.0,2,Hyväksytty,Sandstone Rakennus Oy,3273626-6,200107847001491192,14 pv netto
64,107847,Sandstone Rakennus Oy,118487,,,2025-12-12 00:00:00,2025-12-26 00:00:00,2025-12-12 00:06:09,530.0,0.0,2,Hyväksytty,Sandstone Rakennus Oy,3273626-6,200107847001499932,14 pv netto
64,107847,Sandstone Rakennus Oy,119916,,,2025-12-30 00:00:00,2025-12-30 00:00:00,2025-12-30 13:35:35,0.0,0.0,2,Hyväksytty,Sandstone Rakennus Oy,3273626-6,200107847001508836,
64,107847,Sandstone Rakennus Oy,120790,,,2026-01-13 00:00:00,2026-01-27 00:00:00,2026-01-13 10:48:09,530.0,0.0,2,Hyväksytty,Sandstone Rakennus Oy,3273626-6,200107847001513106,14 pv netto
64,107847,Sandstone Rakennus Oy,123390,,,2026-02-12 00:00:00,2026-02-26 00:00:00,2026-02-12 00:19:29,530.0,0.0,2,Hyväksytty,Sandstone Rakennus Oy,3273626-6,200107847001527859,14 pv netto
64,107847,Sandstone Rakennus Oy,125947,,,2026-03-12 00:00:00,2026-03-26 00:00:00,2026-03-12 00:11:52,530.0,0.0,2,Hyväksytty,Sandstone Rakennus Oy,3273626-6,200107847001543765,14 pv netto
64,107847,Sandstone Rakennus Oy,129647,,,2026-04-12 00:00:00,2026-04-26 00:00:00,2026-04-12 00:24:50,530.0,0.0,2,Hyväksytty,Sandstone Rakennus Oy,3273626-6,200107847001569338,14 pv netto
64,107847,Sandstone Rakennus Oy,132674,,,2026-05-12 00:00:00,2026-05-26 00:00:00,2026-05-12 00:06:42,530.0,0.0,2,Hyväksytty,Sandstone Rakennus Oy,3273626-6,200107847001587336,14 pv netto
65,100513,Mia Group Oy,103841,,,2025-06-01 00:00:00,2025-06-15 00:00:00,2025-06-01 17:00:12,689.8,0.0,2,Hyväksytty,Mia Group Oy,2516572-5,200100513001422007,14 pv netto
65,100513,Mia Group Oy,104772,,,2025-06-16 00:00:00,2025-06-30 00:00:00,2025-06-16 17:00:12,135.0,0.0,2,Hyväksytty,Mia Group Oy,2516572-5,200100513001425813,14 pv netto
65,100513,Mia Group Oy,108958,,,2025-08-16 00:00:00,2025-08-30 00:00:00,2025-08-16 17:00:09,290.0,0.0,2,Hyväksytty,Mia Group Oy,2516572-5,200100513001446258,14 pv netto
65,100513,Mia Group Oy,111314,,,2025-09-16 00:00:00,2025-09-30 00:00:00,2025-09-16 17:00:15,996.0,0.0,2,Hyväksytty,Mia Group Oy,2516572-5,200100513001457904,14 pv netto
65,100513,Mia Group Oy,112378,,,2025-10-01 00:00:00,2025-10-15 00:00:00,2025-10-01 17:00:14,223.7,0.0,2,Hyväksytty,Mia Group Oy,2516572-5,200100513001463668,14 pv netto
65,100513,Mia Group Oy,113531,,,2025-10-16 00:00:00,2025-10-30 00:00:00,2025-10-16 17:00:09,20.0,0.0,2,Hyväksytty,Mia Group Oy,2516572-5,200100513001469099,14 pv netto
65,100513,Mia Group Oy,114817,,,2025-11-01 00:00:00,2025-11-15 00:00:00,2025-11-01 17:00:07,411.0,0.0,2,Hyväksytty,Mia Group Oy,2516572-5,200100513001476493,14 pv netto
65,100513,Mia Group Oy,122498,,,2026-02-01 00:00:00,2026-02-15 00:00:00,2026-02-01 17:00:12,160.0,0.0,2,Hyväksytty,Mia Group Oy,2516572-5,200100513001522949,14 pv netto
65,100513,Mia Group Oy,123790,,,2026-02-16 00:00:00,2026-03-02 00:00:00,2026-02-16 17:00:16,373.6,0.0,2,Hyväksytty,Mia Group Oy,2516572-5,200100513001530821,14 pv netto
65,100513,Mia Group Oy,124936,,,2026-03-01 00:00:00,2026-03-15 00:00:00,2026-03-01 17:00:16,96.8,0.0,2,Hyväksytty,Mia Group Oy,2516572-5,200100513001538014,14 pv netto
65,100513,Mia Group Oy,126411,,,2026-03-16 00:00:00,2026-03-30 00:00:00,2026-03-16 17:00:23,207.57,13.77,2,Hyväksytty,Mia Group Oy,2516572-5,200100513001546653,14 pv netto
65,100513,Mia Group Oy,128679,,,2026-04-01 00:00:00,2026-04-15 00:00:00,2026-04-01 17:01:17,57.0,0.0,2,Hyväksytty,Mia Group Oy,2516572-5,200100513001562789,14 pv netto
65,100513,Mia Group Oy,133207,,,2026-05-16 00:00:00,2026-05-30 00:00:00,2026-05-16 17:00:11,17.0,0.0,2,Hyväksytty,Mia Group Oy,2516572-5,200100513001590638,14 pv netto
66,104280,Haavis Oü,103897,,,2025-06-01 00:00:00,2025-06-15 00:00:00,2025-06-01 17:00:18,25.0,0.0,2,Hyväksytty,Haavis Oü,2916074-5,200104280001422569,14 pv netto
66,104280,Haavis Oü,115438,,,2025-11-07 00:00:00,2025-11-21 00:00:00,2025-11-07 12:45:17,480.0,0.0,2,Hyväksytty,Haavis Oü,2916074-5,200104280001480336,14 pv netto
66,104280,Haavis Oü,116178,,,2025-11-16 00:00:00,2025-11-30 00:00:00,2025-11-16 17:00:15,37.0,0.0,2,Hyväksytty,Haavis Oü,2916074-5,200104280001485098,14 pv netto
66,104280,Haavis Oü,117544,,,2025-12-01 00:00:00,2025-12-15 00:00:00,2025-12-01 17:00:26,444.0,0.0,2,Hyväksytty,Haavis Oü,2916074-5,200104280001494487,14 pv netto
66,104280,Haavis Oü,126003,,,2026-03-12 00:00:00,2026-03-26 00:00:00,2026-03-12 12:24:19,2667.0,0.0,2,Hyväksytty,Haavis Oü,2916074-5,200104280001544133,14 pv netto
66,104280,Haavis Oü,128221,,,2026-04-01 00:00:00,2026-04-15 00:00:00,2026-05-08 12:13:16,79.77,13.77,2,Hyväksytty,Haavis Oü,2916074-5,200104280001558200,14 pv netto
66,104280,Haavis Oü,132419,,,2026-05-08 00:00:00,2026-05-08 00:00:00,2026-05-08 12:13:18,-79.77,-13.77,2,Hyväksytty,Haavis Oü,2916074-5,200104280001585671,
67,105192,Kindermaa Oy,105463,,,2025-06-26 00:00:00,2025-07-10 00:00:00,2025-07-01 10:28:18,984.0,0.0,2,Hyväksytty,Kindermaa Oy,2566252-9,200105192001429073,14 pv netto
67,105192,Kindermaa Oy,105464,,,2025-06-26 00:00:00,2025-09-24 00:00:00,2025-07-01 10:27:25,984.0,0.0,2,Hyväksytty,Kindermaa Oy,2566252-9,200105192001429086,90 pv netto
67,105192,Kindermaa Oy,105465,,,2025-06-26 00:00:00,2025-12-22 00:00:00,2025-07-01 10:26:40,984.0,0.0,2,Hyväksytty,Kindermaa Oy,2566252-9,200105192001429099,180 pv netto
67,105192,Kindermaa Oy,105466,,,2025-06-26 00:00:00,2026-03-22 00:00:00,2025-07-01 10:25:52,984.0,0.0,2,Hyväksytty,Kindermaa Oy,2566252-9,200105192001429109,270 pv netto
67,105192,Kindermaa Oy,105734,,,2025-07-01 00:00:00,2025-07-01 00:00:00,2025-07-01 10:25:54,-984.0,0.0,2,Hyväksytty,Kindermaa Oy,2566252-9,200105192001430884,
67,105192,Kindermaa Oy,105735,,,2025-07-01 00:00:00,2025-07-01 00:00:00,2025-07-01 10:26:42,-984.0,0.0,2,Hyväksytty,Kindermaa Oy,2566252-9,200105192001430897,
67,105192,Kindermaa Oy,105736,,,2025-07-01 00:00:00,2025-07-01 00:00:00,2025-07-01 10:27:27,-984.0,0.0,2,Hyväksytty,Kindermaa Oy,2566252-9,200105192001430907,
67,105192,Kindermaa Oy,105737,,,2025-07-01 00:00:00,2025-07-01 00:00:00,2025-07-01 10:28:21,-984.0,0.0,2,Hyväksytty,Kindermaa Oy,2566252-9,200105192001430910,
67,105192,Kindermaa Oy,105744,,,2025-07-01 00:00:00,2025-07-15 00:00:00,2025-07-01 12:18:04,696.0,0.0,2,Hyväksytty,Kindermaa Oy,2566252-9,200105192001430923,14 pv netto
67,105192,Kindermaa Oy,105745,,,2025-07-01 00:00:00,2025-09-29 00:00:00,2025-07-01 12:18:54,696.0,0.0,2,Hyväksytty,Kindermaa Oy,2566252-9,200105192001430936,90 pv netto
67,105192,Kindermaa Oy,105747,,,2025-07-01 00:00:00,2025-12-27 00:00:00,2025-07-01 12:19:57,696.0,0.0,2,Hyväksytty,Kindermaa Oy,2566252-9,200105192001430949,180 pv netto
67,105192,Kindermaa Oy,105749,,,2025-07-01 00:00:00,2026-03-27 00:00:00,2025-07-01 12:20:47,696.0,0.0,2,Hyväksytty,Kindermaa Oy,2566252-9,200105192001430952,270 pv netto
67,105192,Kindermaa Oy,115322,,,2025-11-06 00:00:00,2025-11-20 00:00:00,2025-11-19 09:10:34,364.5,0.0,2,Hyväksytty,Kindermaa Oy,2566252-9,200105192001479735,14 pv netto
67,105192,Kindermaa Oy,116374,,,2025-11-18 00:00:00,2025-12-02 00:00:00,2025-11-18 09:30:07,392.08,0.0,2,Hyväksytty,Kindermaa Oy,2566252-9,200105192001486414,14 pv netto
67,105192,Kindermaa Oy,116508,,,2025-11-19 00:00:00,2025-11-19 00:00:00,2025-11-19 09:10:37,-364.5,0.0,2,Hyväksytty,Kindermaa Oy,2566252-9,200105192001487358,
67,105192,Kindermaa Oy,116509,,,2025-11-19 00:00:00,2025-12-03 00:00:00,2025-11-19 09:12:42,256.5,0.0,2,Hyväksytty,Kindermaa Oy,2566252-9,200105192001487361,14 pv netto
67,105192,Kindermaa Oy,119133,,,2025-12-17 00:00:00,2025-12-31 00:00:00,2025-12-17 14:25:13,218.2,0.0,2,Hyväksytty,Kindermaa Oy,2566252-9,200105192001504574,14 pv netto
68,106628,Avento Oy,107466,,,2025-05-30 00:00:00,2025-05-30 00:00:00,2025-07-25 09:36:13,0.0,0.0,2,Hyväksytty,Avento Oy,0604979-6,200106628001440059,
68,106628,Avento Oy,104591,,,2025-06-12 00:00:00,2025-06-12 00:00:00,2025-07-25 09:28:28,0.0,0.0,2,Hyväksytty,Avento Oy,0604979-6,200106628001425139,
68,106628,Avento Oy,107465,,,2025-07-25 00:00:00,2025-07-25 00:00:00,2025-07-25 09:28:36,0.0,0.0,2,Hyväksytty,Avento Oy,0604979-6,200106628001440046,
68,106628,Avento Oy,117646,,,2025-12-02 00:00:00,2025-12-16 00:00:00,2025-12-02 13:32:10,1590.0,0.0,2,Hyväksytty,Avento Oy,0604979-6,200106628001495088,14 pv netto
68,106628,Avento Oy,121232,,,2026-01-16 00:00:00,2026-01-30 00:00:00,2026-01-16 13:16:24,310.0,0.0,2,Hyväksytty,Avento Oy,0604979-6,200106628001515735,14 pv netto
68,106628,Avento Oy,123963,,,2026-02-18 00:00:00,2026-03-04 00:00:00,2026-02-18 00:03:59,1590.0,0.0,2,Hyväksytty,Avento Oy,0604979-6,200106628001531984,14 pv netto
68,106628,Avento Oy,123999,,,2026-02-18 00:00:00,2026-03-04 00:00:00,2026-02-18 10:02:37,155.0,0.0,2,Hyväksytty,Avento Oy,0604979-6,200106628001532310,14 pv netto
68,106628,Avento Oy,133954,,,2026-05-22 00:00:00,2026-05-22 00:00:00,2026-05-22 11:45:38,0.0,0.0,2,Hyväksytty,Avento Oy,0604979-6,200106628001595506,
69,105110,MUUNTO PALVELUT OY,104127,,,2025-06-04 00:00:00,2025-06-18 00:00:00,2025-06-04 11:57:59,133.0,0.0,2,Hyväksytty,MUUNTO PALVELUT OY,1797593-9,200105110001423666,14 pv netto
69,105110,MUUNTO PALVELUT OY,104295,,,2025-06-06 00:00:00,2025-06-20 00:00:00,2025-06-06 14:40:32,120.0,0.0,2,Hyväksytty,MUUNTO PALVELUT OY,1797593-9,200105110001424102,14 pv netto
69,105110,MUUNTO PALVELUT OY,104945,,,2025-06-17 00:00:00,2025-07-01 00:00:00,2025-06-17 15:16:11,120.0,0.0,2,Hyväksytty,MUUNTO PALVELUT OY,1797593-9,200105110001427060,14 pv netto
69,105110,MUUNTO PALVELUT OY,104970,,,2025-06-17 00:00:00,2025-07-01 00:00:00,2025-06-17 18:53:34,119.0,0.0,2,Hyväksytty,MUUNTO PALVELUT OY,1797593-9,200105110001427170,14 pv netto
69,105110,MUUNTO PALVELUT OY,105282,,,2025-06-24 00:00:00,2025-07-08 00:00:00,2025-06-24 16:23:16,107.0,0.0,2,Hyväksytty,MUUNTO PALVELUT OY,1797593-9,200105110001428263,14 pv netto
69,105110,MUUNTO PALVELUT OY,106034,,,2025-07-02 00:00:00,2025-07-16 00:00:00,2025-07-02 20:49:32,81.0,0.0,2,Hyväksytty,MUUNTO PALVELUT OY,1797593-9,200105110001432961,14 pv netto
69,105110,MUUNTO PALVELUT OY,106585,,,2025-07-11 00:00:00,2025-07-25 00:00:00,2025-07-11 16:37:00,842.45,0.0,2,Hyväksytty,MUUNTO PALVELUT OY,1797593-9,200105110001435599,14 pv netto
69,105110,MUUNTO PALVELUT OY,109811,,,2025-08-27 00:00:00,2025-09-10 00:00:00,2025-08-27 11:51:46,197.75,0.0,2,Hyväksytty,MUUNTO PALVELUT OY,1797593-9,200105110001450820,14 pv netto
69,105110,MUUNTO PALVELUT OY,110620,,,2025-09-04 00:00:00,2025-09-18 00:00:00,2025-09-04 18:23:17,466.55,0.0,2,Hyväksytty,MUUNTO PALVELUT OY,1797593-9,200105110001455155,14 pv netto
69,105110,MUUNTO PALVELUT OY,111059,,,2025-09-11 00:00:00,2025-09-25 00:00:00,2025-09-11 19:01:46,149.0,0.0,2,Hyväksytty,MUUNTO PALVELUT OY,1797593-9,200105110001456756,14 pv netto
69,105110,MUUNTO PALVELUT OY,111221,,,2025-09-15 00:00:00,2025-09-29 00:00:00,2025-09-15 16:14:52,127.0,0.0,2,Hyväksytty,MUUNTO PALVELUT OY,1797593-9,200105110001457519,14 pv netto
69,105110,MUUNTO PALVELUT OY,114075,,,2025-10-23 00:00:00,2025-11-06 00:00:00,2025-10-23 10:46:10,239.5,0.0,2,Hyväksytty,MUUNTO PALVELUT OY,1797593-9,200105110001472219,14 pv netto
69,105110,MUUNTO PALVELUT OY,114302,,,2025-10-27 00:00:00,2025-10-27 00:00:00,2025-10-27 12:50:43,0.0,0.0,2,Hyväksytty,MUUNTO PALVELUT OY,1797593-9,200105110001473658,
69,105110,MUUNTO PALVELUT OY,118359,,,2025-12-10 00:00:00,2025-12-24 00:00:00,2025-12-10 17:42:53,47.0,0.0,2,Hyväksytty,MUUNTO PALVELUT OY,1797593-9,200105110001499276,14 pv netto
69,105110,MUUNTO PALVELUT OY,122421,,,2026-01-30 00:00:00,2026-02-13 00:00:00,2026-01-30 14:56:27,150.0,0.0,2,Hyväksytty,MUUNTO PALVELUT OY,1797593-9,200105110001522295,14 pv netto
69,105110,MUUNTO PALVELUT OY,123109,,,2026-02-09 00:00:00,2026-02-23 00:00:00,2026-02-09 12:36:45,87.0,0.0,2,Hyväksytty,MUUNTO PALVELUT OY,1797593-9,200105110001526149,14 pv netto
69,105110,MUUNTO PALVELUT OY,123460,,,2026-02-12 00:00:00,2026-02-26 00:00:00,2026-02-12 16:36:37,57.0,0.0,2,Hyväksytty,MUUNTO PALVELUT OY,1797593-9,200105110001528273,14 pv netto
69,105110,MUUNTO PALVELUT OY,123710,,,2026-02-16 00:00:00,2026-03-02 00:00:00,2026-02-16 11:17:30,83.0,0.0,2,Hyväksytty,MUUNTO PALVELUT OY,1797593-9,200105110001530216,14 pv netto
69,105110,MUUNTO PALVELUT OY,125750,,,2026-03-10 00:00:00,2026-03-24 00:00:00,2026-03-10 08:33:59,60.0,0.0,2,Hyväksytty,MUUNTO PALVELUT OY,1797593-9,200105110001542822,14 pv netto
69,105110,MUUNTO PALVELUT OY,126919,,,2026-03-19 00:00:00,2026-04-02 00:00:00,2026-03-19 15:22:56,158.2,0.0,2,Hyväksytty,MUUNTO PALVELUT OY,1797593-9,200105110001550128,14 pv netto
69,105110,MUUNTO PALVELUT OY,131330,,,2026-04-28 00:00:00,2026-05-12 00:00:00,2026-04-28 17:16:32,121.49,0.0,2,Hyväksytty,MUUNTO PALVELUT OY,1797593-9,200105110001579316,14 pv netto
69,105110,MUUNTO PALVELUT OY,131869,,,2026-05-04 00:00:00,2026-05-18 00:00:00,2026-05-04 16:15:33,60.0,0.0,2,Hyväksytty,MUUNTO PALVELUT OY,1797593-9,200105110001582918,14 pv netto
69,105110,MUUNTO PALVELUT OY,132800,,,2026-05-12 00:00:00,2026-05-26 00:00:00,2026-05-12 17:07:55,100.8,0.0,2,Hyväksytty,MUUNTO PALVELUT OY,1797593-9,200105110001588035,14 pv netto
70,106402,Pieksäwood Oy,105299,,,2025-06-24 00:00:00,2025-07-08 00:00:00,2025-06-24 19:16:58,94.0,0.0,2,Hyväksytty,Pieksäwood Oy,2661795-7,200106402001428349,14 pv netto
70,106402,Pieksäwood Oy,107072,,,2025-07-17 00:00:00,2025-07-31 00:00:00,2025-07-17 15:12:17,317.8,0.0,2,Hyväksytty,Pieksäwood Oy,2661795-7,200106402001438614,14 pv netto
70,106402,Pieksäwood Oy,109218,,,2025-08-20 00:00:00,2025-09-03 00:00:00,2025-08-20 11:04:18,468.0,0.0,2,Hyväksytty,Pieksäwood Oy,2661795-7,200106402001447744,14 pv netto
70,106402,Pieksäwood Oy,109219,,,2025-08-20 00:00:00,2025-11-17 00:00:00,2025-08-20 11:04:38,468.0,0.0,2,Hyväksytty,Pieksäwood Oy,2661795-7,200106402001447757,90 pv netto
70,106402,Pieksäwood Oy,109220,,,2025-08-20 00:00:00,2026-02-15 00:00:00,2025-08-20 11:04:55,468.0,0.0,2,Hyväksytty,Pieksäwood Oy,2661795-7,200106402001447760,180 pv netto
70,106402,Pieksäwood Oy,109222,,,2025-08-20 00:00:00,2026-05-17 00:00:00,2025-08-20 11:05:17,468.0,0.0,2,Hyväksytty,Pieksäwood Oy,2661795-7,200106402001447773,270 pv netto
70,106402,Pieksäwood Oy,111904,,,2025-09-24 00:00:00,2025-10-08 00:00:00,2025-09-24 08:13:05,100.0,0.0,2,Hyväksytty,Pieksäwood Oy,2661795-7,200106402001461283,14 pv netto
70,106402,Pieksäwood Oy,117926,,,2025-12-05 00:00:00,2025-12-19 00:00:00,2025-12-05 07:42:50,112.5,0.0,2,Hyväksytty,Pieksäwood Oy,2661795-7,200106402001496614,14 pv netto
70,106402,Pieksäwood Oy,117960,,,2025-12-05 00:00:00,2025-12-05 00:00:00,2025-12-05 13:32:22,0.0,0.0,2,Hyväksytty,Pieksäwood Oy,2661795-7,200106402001496766,
70,106402,Pieksäwood Oy,118358,,,2025-12-10 00:00:00,2025-12-24 00:00:00,2025-12-10 17:40:54,94.0,0.0,2,Hyväksytty,Pieksäwood Oy,2661795-7,200106402001499268,14 pv netto
70,106402,Pieksäwood Oy,120687,,,2026-01-12 00:00:00,2026-01-26 00:00:00,2026-01-12 10:02:13,58.0,0.0,2,Hyväksytty,Pieksäwood Oy,2661795-7,200106402001512747,14 pv netto
70,106402,Pieksäwood Oy,123729,,,2026-02-16 00:00:00,2026-03-02 00:00:00,2026-02-16 14:26:56,135.0,0.0,2,Hyväksytty,Pieksäwood Oy,2661795-7,200106402001530321,14 pv netto
70,106402,Pieksäwood Oy,124208,,,2026-02-20 00:00:00,2026-03-06 00:00:00,2026-02-20 10:51:48,120.72,0.0,2,Hyväksytty,Pieksäwood Oy,2661795-7,200106402001533661,14 pv netto
70,106402,Pieksäwood Oy,124494,,,2026-02-24 00:00:00,2026-03-10 00:00:00,2026-02-24 11:59:23,149.47,0.0,2,Hyväksytty,Pieksäwood Oy,2661795-7,200106402001535504,14 pv netto
70,106402,Pieksäwood Oy,125909,,,2026-03-11 00:00:00,2026-03-25 00:00:00,2026-03-11 15:47:41,106.0,0.0,2,Hyväksytty,Pieksäwood Oy,2661795-7,200106402001543648,14 pv netto
70,106402,Pieksäwood Oy,126620,,,2026-03-17 00:00:00,2026-03-31 00:00:00,2026-03-17 18:07:53,83.0,0.0,2,Hyväksytty,Pieksäwood Oy,2661795-7,200106402001548151,14 pv netto
70,106402,Pieksäwood Oy,127204,,,2026-03-23 00:00:00,2026-04-06 00:00:00,2026-03-23 14:36:22,112.0,0.0,2,Hyväksytty,Pieksäwood Oy,2661795-7,200106402001551960,14 pv netto
70,106402,Pieksäwood Oy,132913,,,2026-05-13 00:00:00,2026-05-27 00:00:00,2026-05-13 14:16:28,244.0,0.0,2,Hyväksytty,Pieksäwood Oy,2661795-7,200106402001588674,14 pv netto
71,106423,Veijo Kinnunen Oy,106535,,,2025-07-10 00:00:00,2025-07-24 00:00:00,2025-07-10 20:13:23,104.0,0.0,2,Hyväksytty,Veijo Kinnunen Oy,0576890-8,200106423001435395,14 pv netto
71,106423,Veijo Kinnunen Oy,107494,,,2025-07-25 00:00:00,2025-08-08 00:00:00,2025-07-25 12:20:42,68.0,0.0,2,Hyväksytty,Veijo Kinnunen Oy,0576890-8,200106423001440160,14 pv netto
71,106423,Veijo Kinnunen Oy,111299,,,2025-09-16 00:00:00,2025-09-30 00:00:00,2025-09-16 15:55:32,480.0,0.0,2,Hyväksytty,Veijo Kinnunen Oy,0576890-8,200106423001457807,14 pv netto
71,106423,Veijo Kinnunen Oy,117645,,,2025-12-02 00:00:00,2025-12-16 00:00:00,2025-12-02 13:30:58,828.0,0.0,2,Hyväksytty,Veijo Kinnunen Oy,0576890-8,200106423001495076,14 pv netto
71,106423,Veijo Kinnunen Oy,119168,,,2025-12-17 00:00:00,2025-12-17 00:00:00,2025-12-17 15:23:28,0.0,0.0,2,Hyväksytty,Veijo Kinnunen Oy,0576890-8,200106423001504873,
71,106423,Veijo Kinnunen Oy,119180,,,2025-12-17 00:00:00,2025-12-31 00:00:00,2025-12-17 15:34:57,62.0,0.0,2,Hyväksytty,Veijo Kinnunen Oy,0576890-8,200106423001504941,14 pv netto
71,106423,Veijo Kinnunen Oy,122640,,,2026-02-02 00:00:00,2026-02-16 00:00:00,2026-02-02 16:00:58,211.49,0.0,2,Hyväksytty,Veijo Kinnunen Oy,0576890-8,200106423001523919,14 pv netto
71,106423,Veijo Kinnunen Oy,124184,,,2026-02-20 00:00:00,2026-03-06 00:00:00,2026-02-20 10:09:48,828.0,0.0,2,Hyväksytty,Veijo Kinnunen Oy,0576890-8,200106423001533433,14 pv netto
71,106423,Veijo Kinnunen Oy,132799,,,2026-05-12 00:00:00,2026-05-26 00:00:00,2026-05-12 17:06:34,170.0,0.0,2,Hyväksytty,Veijo Kinnunen Oy,0576890-8,200106423001588022,14 pv netto
71,106423,Veijo Kinnunen Oy,134027,,,2026-05-23 00:00:00,2026-06-06 00:00:00,2026-05-23 00:23:41,828.0,0.0,2,Hyväksytty,Veijo Kinnunen Oy,0576890-8,200106423001595934,14 pv netto
72,800007,If Vahinkovakuutusyhtiö Oy,104023,,,2025-06-02 00:00:00,2025-08-01 00:00:00,2025-07-09 12:48:30,122.0,0.0,2,Hyväksytty,If Vahinkovakuutusyhtiö Oy,,200800007001423472,60 pv netto
72,800007,If Vahinkovakuutusyhtiö Oy,105114,,,2025-06-19 00:00:00,2025-06-19 00:00:00,2025-06-19 16:26:16,-199.0,0.0,2,Hyväksytty,If Vahinkovakuutusyhtiö Oy,,200800007001427601,
72,800007,If Vahinkovakuutusyhtiö Oy,105751,,,2025-07-01 00:00:00,2025-08-30 00:00:00,2025-07-22 13:57:21,147.0,0.0,2,Hyväksytty,If Vahinkovakuutusyhtiö Oy,,200800007001430960,60 pv netto
72,800007,If Vahinkovakuutusyhtiö Oy,106096,,,2025-07-02 00:00:00,2025-08-31 00:00:00,2025-07-03 19:21:41,68.0,0.0,2,Hyväksytty,If Vahinkovakuutusyhtiö Oy,,200800007001433404,60 pv netto
72,800007,If Vahinkovakuutusyhtiö Oy,106136,,,2025-07-03 00:00:00,2025-07-03 00:00:00,2025-07-03 19:21:46,-68.0,0.0,2,Hyväksytty,If Vahinkovakuutusyhtiö Oy,,200800007001433653,
72,800007,If Vahinkovakuutusyhtiö Oy,106338,,,2025-07-08 00:00:00,2025-09-06 00:00:00,2025-07-22 13:59:08,122.0,0.0,2,Hyväksytty,If Vahinkovakuutusyhtiö Oy,,200800007001434487,60 pv netto
72,800007,If Vahinkovakuutusyhtiö Oy,106426,,,2025-07-09 00:00:00,2025-07-09 00:00:00,2025-07-09 12:48:34,-122.0,0.0,2,Hyväksytty,If Vahinkovakuutusyhtiö Oy,,200800007001434937,
72,800007,If Vahinkovakuutusyhtiö Oy,107298,,,2025-07-22 00:00:00,2025-07-22 00:00:00,2025-07-22 13:57:27,-147.0,0.0,2,Hyväksytty,If Vahinkovakuutusyhtiö Oy,,200800007001439602,
72,800007,If Vahinkovakuutusyhtiö Oy,107299,,,2025-07-22 00:00:00,2025-07-22 00:00:00,2025-07-22 13:59:11,-122.0,0.0,2,Hyväksytty,If Vahinkovakuutusyhtiö Oy,,200800007001439615,
72,800007,If Vahinkovakuutusyhtiö Oy,108241,,,2025-08-05 00:00:00,2025-10-04 00:00:00,2025-08-05 12:16:28,106.0,0.0,2,Hyväksytty,If Vahinkovakuutusyhtiö Oy,,200800007001444011,60 pv netto
72,800007,If Vahinkovakuutusyhtiö Oy,108255,,,2025-08-05 00:00:00,2025-08-05 00:00:00,2025-08-05 14:16:53,-198.0,0.0,2,Hyväksytty,If Vahinkovakuutusyhtiö Oy,,200800007001444037,
72,800007,If Vahinkovakuutusyhtiö Oy,111202,,,2025-09-10 00:00:00,2025-11-08 00:00:00,2025-10-13 15:36:24,147.0,0.0,2,Hyväksytty,If Vahinkovakuutusyhtiö Oy,,200800007001457406,60 pv netto
72,800007,If Vahinkovakuutusyhtiö Oy,111514,,,2025-09-17 00:00:00,2025-11-15 00:00:00,2025-09-17 17:21:09,151.75,0.0,2,Hyväksytty,If Vahinkovakuutusyhtiö Oy,,200800007001459352,60 pv netto
72,800007,If Vahinkovakuutusyhtiö Oy,113218,,,2025-10-13 00:00:00,2025-10-13 00:00:00,2025-10-13 15:36:28,-147.0,0.0,2,Hyväksytty,If Vahinkovakuutusyhtiö Oy,,200800007001467917,
72,800007,If Vahinkovakuutusyhtiö Oy,113690,,,2025-10-17 00:00:00,2025-12-16 00:00:00,2025-10-17 16:37:44,147.0,0.0,2,Hyväksytty,If Vahinkovakuutusyhtiö Oy,,200800007001470179,60 pv netto
72,800007,If Vahinkovakuutusyhtiö Oy,114203,,,2025-10-24 00:00:00,2025-12-23 00:00:00,2025-10-24 15:15:41,144.0,0.0,2,Hyväksytty,If Vahinkovakuutusyhtiö Oy,,200800007001473040,60 pv netto
72,800007,If Vahinkovakuutusyhtiö Oy,114344,,,2025-10-27 00:00:00,2025-12-26 00:00:00,2025-10-27 16:12:16,106.0,0.0,2,Hyväksytty,If Vahinkovakuutusyhtiö Oy,,200800007001473914,60 pv netto
72,800007,If Vahinkovakuutusyhtiö Oy,114797,,,2025-10-31 00:00:00,2025-12-30 00:00:00,2025-10-31 19:06:14,144.0,0.0,2,Hyväksytty,If Vahinkovakuutusyhtiö Oy,,200800007001476306,60 pv netto
72,800007,If Vahinkovakuutusyhtiö Oy,116311,,,2025-11-17 00:00:00,2026-01-16 00:00:00,2025-11-19 16:15:03,144.0,0.0,2,Hyväksytty,If Vahinkovakuutusyhtiö Oy,,200800007001486095,60 pv netto
72,800007,If Vahinkovakuutusyhtiö Oy,116593,,,2025-11-19 00:00:00,2025-11-19 00:00:00,2025-11-19 16:15:06,-144.0,0.0,2,Hyväksytty,If Vahinkovakuutusyhtiö Oy,,200800007001487997,
72,800007,If Vahinkovakuutusyhtiö Oy,117992,,,2025-12-05 00:00:00,2026-02-03 00:00:00,2025-12-05 17:24:05,147.0,0.0,2,Hyväksytty,If Vahinkovakuutusyhtiö Oy,,200800007001496959,60 pv netto
72,800007,If Vahinkovakuutusyhtiö Oy,118726,,,2025-12-15 00:00:00,2026-02-13 00:00:00,2025-12-15 17:16:19,144.0,0.0,2,Hyväksytty,If Vahinkovakuutusyhtiö Oy,,200800007001501381,60 pv netto
72,800007,If Vahinkovakuutusyhtiö Oy,119841,,,2025-12-29 00:00:00,2026-01-12 00:00:00,2025-12-29 18:22:03,144.0,0.0,2,Hyväksytty,If Vahinkovakuutusyhtiö Oy,,200800007001508423,14 pv netto
72,800007,If Vahinkovakuutusyhtiö Oy,119842,,,2025-12-29 00:00:00,2025-12-29 00:00:00,2025-12-29 18:22:06,-144.0,0.0,2,Hyväksytty,If Vahinkovakuutusyhtiö Oy,,200800007001508436,
72,800007,If Vahinkovakuutusyhtiö Oy,119843,,,2025-12-29 00:00:00,2026-02-27 00:00:00,2025-12-29 18:23:50,144.0,0.0,2,Hyväksytty,If Vahinkovakuutusyhtiö Oy,,200800007001508449,60 pv netto
72,800007,If Vahinkovakuutusyhtiö Oy,120736,,,2026-01-12 00:00:00,2026-03-13 00:00:00,2026-01-12 15:29:24,244.0,0.0,2,Hyväksytty,If Vahinkovakuutusyhtiö Oy,,200800007001512859,60 pv netto
72,800007,If Vahinkovakuutusyhtiö Oy,121490,,,2026-01-19 00:00:00,2026-03-20 00:00:00,2026-01-19 18:35:06,142.0,0.0,2,Hyväksytty,If Vahinkovakuutusyhtiö Oy,,200800007001517485,60 pv netto
72,800007,If Vahinkovakuutusyhtiö Oy,121904,,,2026-01-23 00:00:00,2026-03-24 00:00:00,2026-01-23 17:32:12,101.0,0.0,2,Hyväksytty,If Vahinkovakuutusyhtiö Oy,,200800007001519577,60 pv netto
72,800007,If Vahinkovakuutusyhtiö Oy,122155,,,2026-01-27 00:00:00,2026-03-28 00:00:00,2026-01-27 16:04:42,139.0,0.0,2,Hyväksytty,If Vahinkovakuutusyhtiö Oy,,200800007001520896,60 pv netto
72,800007,If Vahinkovakuutusyhtiö Oy,122403,,,2026-01-30 00:00:00,2026-03-31 00:00:00,2026-01-30 13:18:51,142.0,0.0,2,Hyväksytty,If Vahinkovakuutusyhtiö Oy,,200800007001522182,60 pv netto
72,800007,If Vahinkovakuutusyhtiö Oy,123956,,,2026-02-17 00:00:00,2026-04-18 00:00:00,2026-02-17 16:36:13,142.0,0.0,2,Hyväksytty,If Vahinkovakuutusyhtiö Oy,,200800007001531940,60 pv netto
72,800007,If Vahinkovakuutusyhtiö Oy,125057,,,2026-03-02 00:00:00,2026-05-01 00:00:00,2026-03-02 12:44:58,139.0,0.0,2,Hyväksytty,If Vahinkovakuutusyhtiö Oy,,200800007001538956,60 pv netto
72,800007,If Vahinkovakuutusyhtiö Oy,125243,,,2026-03-03 00:00:00,2026-05-02 00:00:00,2026-03-03 16:49:53,223.0,0.0,2,Hyväksytty,If Vahinkovakuutusyhtiö Oy,,200800007001539984,60 pv netto
72,800007,If Vahinkovakuutusyhtiö Oy,125539,,,2026-03-06 00:00:00,2026-05-05 00:00:00,2026-04-09 09:59:48,248.0,0.0,2,Hyväksytty,If Vahinkovakuutusyhtiö Oy,,200800007001541419,60 pv netto
72,800007,If Vahinkovakuutusyhtiö Oy,126051,,,2026-03-12 00:00:00,2026-05-11 00:00:00,2026-04-09 09:48:16,273.0,0.0,2,Hyväksytty,If Vahinkovakuutusyhtiö Oy,,200800007001544322,60 pv netto
72,800007,If Vahinkovakuutusyhtiö Oy,127283,,,2026-03-24 00:00:00,2026-05-23 00:00:00,2026-03-24 10:20:06,147.0,0.0,2,Hyväksytty,If Vahinkovakuutusyhtiö Oy,,200800007001552408,60 pv netto
72,800007,If Vahinkovakuutusyhtiö Oy,127532,,,2026-03-26 00:00:00,2026-05-25 00:00:00,2026-03-26 12:09:37,142.0,0.0,2,Hyväksytty,If Vahinkovakuutusyhtiö Oy,,200800007001553575,60 pv netto
72,800007,If Vahinkovakuutusyhtiö Oy,127544,,,2026-03-26 00:00:00,2026-05-25 00:00:00,2026-03-26 12:56:15,114.0,0.0,2,Hyväksytty,If Vahinkovakuutusyhtiö Oy,,200800007001553601,60 pv netto
72,800007,If Vahinkovakuutusyhtiö Oy,127863,,,2026-03-30 00:00:00,2026-05-29 00:00:00,2026-03-30 16:10:00,114.0,0.0,2,Hyväksytty,If Vahinkovakuutusyhtiö Oy,,200800007001555722,60 pv netto
72,800007,If Vahinkovakuutusyhtiö Oy,129726,,,2026-04-13 00:00:00,2026-06-12 00:00:00,2026-04-13 14:04:27,139.0,0.0,2,Hyväksytty,If Vahinkovakuutusyhtiö Oy,,200800007001569802,60 pv netto
72,800007,If Vahinkovakuutusyhtiö Oy,132931,,,2026-05-13 00:00:00,2026-07-12 00:00:00,2026-05-13 15:19:40,139.0,0.0,2,Hyväksytty,If Vahinkovakuutusyhtiö Oy,,200800007001588809,60 pv netto
72,800007,If Vahinkovakuutusyhtiö Oy,132946,,,2026-05-13 00:00:00,2026-07-12 00:00:00,2026-05-13 16:50:35,36.0,0.0,2,Hyväksytty,If Vahinkovakuutusyhtiö Oy,,200800007001588854,60 pv netto
73,100925,Sternfelt Oü,104776,,,2025-06-16 00:00:00,2025-06-30 00:00:00,2025-06-16 17:00:12,860.0,0.0,2,Hyväksytty,Sternfelt Oü,2612069-2,200100925001425854,14 pv netto
73,100925,Sternfelt Oü,105877,,,2025-07-01 00:00:00,2025-07-15 00:00:00,2025-07-01 17:00:17,51.5,0.0,2,Hyväksytty,Sternfelt Oü,2612069-2,200100925001431958,14 pv netto
73,100925,Sternfelt Oü,111319,,,2025-09-16 00:00:00,2025-09-30 00:00:00,2025-09-16 17:00:16,521.0,0.0,2,Hyväksytty,Sternfelt Oü,2612069-2,200100925001457958,14 pv netto
73,100925,Sternfelt Oü,112384,,,2025-10-01 00:00:00,2025-10-15 00:00:00,2025-10-01 17:00:15,215.0,0.0,2,Hyväksytty,Sternfelt Oü,2612069-2,200100925001463722,14 pv netto
73,100925,Sternfelt Oü,124027,,,2026-02-18 00:00:00,2026-03-04 00:00:00,2026-02-18 13:15:57,138.0,0.0,2,Hyväksytty,Sternfelt Oü,2612069-2,200100925001532488,14 pv netto
73,100925,Sternfelt Oü,128702,,,2026-04-01 00:00:00,2026-04-15 00:00:00,2026-04-01 17:01:18,511.77,13.77,2,Hyväksytty,Sternfelt Oü,2612069-2,200100925001563017,14 pv netto
73,100925,Sternfelt Oü,134134,,,2026-05-25 00:00:00,2026-06-08 00:00:00,2026-05-25 06:30:39,1146.0,0.0,2,Hyväksytty,Sternfelt Oü,2612069-2,200100925001597009,14 pv netto
74,107555,VaraTek Oy,111949,,,2025-09-24 00:00:00,2025-10-08 00:00:00,2025-09-24 14:51:38,83.01,0.0,2,Hyväksytty,VaraTek Oy,3504120-8,200107555001461485,14 pv netto
74,107555,VaraTek Oy,113073,,,2025-10-10 00:00:00,2025-10-24 00:00:00,2025-10-10 00:07:10,83.01,0.0,2,Hyväksytty,VaraTek Oy,3504120-8,200107555001467298,14 pv netto
74,107555,VaraTek Oy,113913,,,2025-10-21 00:00:00,2025-11-04 00:00:00,2025-10-21 17:40:53,91.4,0.0,2,Hyväksytty,VaraTek Oy,3504120-8,200107555001471187,14 pv netto
74,107555,VaraTek Oy,114155,,,2025-10-23 00:00:00,2025-11-06 00:00:00,2025-10-23 18:27:48,294.6,0.0,2,Hyväksytty,VaraTek Oy,3504120-8,200107555001472746,14 pv netto
74,107555,VaraTek Oy,114746,,,2025-10-31 00:00:00,2025-11-14 00:00:00,2025-10-31 09:55:13,289.8,0.0,2,Hyväksytty,VaraTek Oy,3504120-8,200107555001476182,14 pv netto
74,107555,VaraTek Oy,115051,,,2025-11-03 00:00:00,2025-11-17 00:00:00,2025-11-03 15:39:56,117.0,0.0,2,Hyväksytty,VaraTek Oy,3504120-8,200107555001478591,14 pv netto
74,107555,VaraTek Oy,115345,,,2025-11-06 00:00:00,2025-11-20 00:00:00,2025-11-06 12:40:07,142.0,0.0,2,Hyväksytty,VaraTek Oy,3504120-8,200107555001479817,14 pv netto
74,107555,VaraTek Oy,115538,,,2025-11-10 00:00:00,2025-11-24 00:00:00,2025-11-10 00:07:19,83.0,0.0,2,Hyväksytty,VaraTek Oy,3504120-8,200107555001481041,14 pv netto
74,107555,VaraTek Oy,116485,,,2025-11-18 00:00:00,2025-12-02 00:00:00,2025-11-18 18:47:32,201.71,0.0,2,Hyväksytty,VaraTek Oy,3504120-8,200107555001487139,14 pv netto
74,107555,VaraTek Oy,117164,,,2025-11-27 00:00:00,2025-12-11 00:00:00,2025-11-27 12:24:24,210.4,0.0,2,Hyväksytty,VaraTek Oy,3504120-8,200107555001491468,14 pv netto
74,107555,VaraTek Oy,117413,,,2025-12-01 00:00:00,2025-12-15 00:00:00,2025-12-01 13:34:42,74.0,0.0,2,Hyväksytty,VaraTek Oy,3504120-8,200107555001493259,14 pv netto
74,107555,VaraTek Oy,118286,,,2025-12-10 00:00:00,2025-12-24 00:00:00,2025-12-10 00:07:38,83.0,0.0,2,Hyväksytty,VaraTek Oy,3504120-8,200107555001498830,14 pv netto
74,107555,VaraTek Oy,118340,,,2025-12-10 00:00:00,2025-12-10 00:00:00,2025-12-10 14:20:45,0.0,0.0,2,Hyväksytty,VaraTek Oy,3504120-8,200107555001499185,
74,107555,VaraTek Oy,119102,,,2025-12-17 00:00:00,2025-12-31 00:00:00,2025-12-17 12:33:01,129.0,0.0,2,Hyväksytty,VaraTek Oy,3504120-8,200107555001504368,14 pv netto
74,107555,VaraTek Oy,120373,,,2026-01-07 00:00:00,2026-01-21 00:00:00,2026-01-07 13:29:15,132.0,0.0,2,Hyväksytty,VaraTek Oy,3504120-8,200107555001511348,14 pv netto
74,107555,VaraTek Oy,120660,,,2026-01-10 00:00:00,2026-01-24 00:00:00,2026-01-10 00:07:19,83.0,0.0,2,Hyväksytty,VaraTek Oy,3504120-8,200107555001512538,14 pv netto
74,107555,VaraTek Oy,121551,,,2026-01-20 00:00:00,2026-02-03 00:00:00,2026-01-20 13:14:57,444.06,0.0,2,Hyväksytty,VaraTek Oy,3504120-8,200107555001517821,14 pv netto
74,107555,VaraTek Oy,123215,,,2026-02-10 00:00:00,2026-02-24 00:00:00,2026-02-10 08:44:08,83.0,0.0,2,Hyväksytty,VaraTek Oy,3504120-8,200107555001526977,14 pv netto
74,107555,VaraTek Oy,124685,,,2026-02-26 00:00:00,2026-03-12 00:00:00,2026-02-26 12:52:56,332.8,0.0,2,Hyväksytty,VaraTek Oy,3504120-8,200107555001536462,14 pv netto
74,107555,VaraTek Oy,125727,,,2026-03-10 00:00:00,2026-03-24 00:00:00,2026-03-10 00:19:48,83.0,0.0,2,Hyväksytty,VaraTek Oy,3504120-8,200107555001542605,14 pv netto
74,107555,VaraTek Oy,127980,,,2026-03-31 00:00:00,2026-04-14 00:00:00,2026-03-31 15:50:13,60.0,0.0,2,Hyväksytty,VaraTek Oy,3504120-8,200107555001556374,14 pv netto
74,107555,VaraTek Oy,129500,,,2026-04-10 00:00:00,2026-04-24 00:00:00,2026-04-10 00:37:50,83.0,0.0,2,Hyväksytty,VaraTek Oy,3504120-8,200107555001568498,14 pv netto
74,107555,VaraTek Oy,130748,,,2026-04-22 00:00:00,2026-05-06 00:00:00,2026-04-22 14:33:08,60.0,0.0,2,Hyväksytty,VaraTek Oy,3504120-8,200107555001575928,14 pv netto
74,107555,VaraTek Oy,132519,,,2026-05-10 00:00:00,2026-05-24 00:00:00,2026-05-10 00:27:42,83.0,0.0,2,Hyväksytty,VaraTek Oy,3504120-8,200107555001586467,14 pv netto
74,107555,VaraTek Oy,133465,,,2026-05-18 00:00:00,2026-06-01 00:00:00,2026-05-18 19:34:52,60.0,0.0,2,Hyväksytty,VaraTek Oy,3504120-8,200107555001592338,14 pv netto
74,107555,VaraTek Oy,134452,,,2026-05-27 00:00:00,2026-06-10 00:00:00,2026-05-27 12:34:48,57.0,0.0,2,Hyväksytty,VaraTek Oy,3504120-8,200107555001598659,14 pv netto
75,107785,Ruoholahden Uusi Apteekki,116251,,,2025-11-17 00:00:00,2025-12-01 00:00:00,2025-11-17 10:00:03,466.5,0.0,2,Hyväksytty,Ruoholahden Uusi Apteekki,1387336-1,200107785001485723,14 pv netto
75,107785,Ruoholahden Uusi Apteekki,119233,,,2025-12-18 00:00:00,2026-01-01 00:00:00,2025-12-18 00:22:30,466.5,0.0,2,Hyväksytty,Ruoholahden Uusi Apteekki,1387336-1,200107785001505250,14 pv netto
75,107785,Ruoholahden Uusi Apteekki,119629,,,2025-12-23 00:00:00,2025-12-23 00:00:00,2025-12-23 13:26:54,0.0,0.0,2,Hyväksytty,Ruoholahden Uusi Apteekki,1387336-1,200107785001507410,
75,107785,Ruoholahden Uusi Apteekki,121381,,,2026-01-18 00:00:00,2026-02-01 00:00:00,2026-01-18 00:29:59,466.5,0.0,2,Hyväksytty,Ruoholahden Uusi Apteekki,1387336-1,200107785001516906,14 pv netto
75,107785,Ruoholahden Uusi Apteekki,123612,,,2026-02-15 00:00:00,2026-03-01 00:00:00,2026-02-15 00:42:29,466.5,0.0,2,Hyväksytty,Ruoholahden Uusi Apteekki,1387336-1,200107785001529359,14 pv netto
75,107785,Ruoholahden Uusi Apteekki,126673,,,2026-03-18 00:00:00,2026-04-01 00:00:00,2026-03-18 01:35:50,466.5,0.0,2,Hyväksytty,Ruoholahden Uusi Apteekki,1387336-1,200107785001548644,14 pv netto
75,107785,Ruoholahden Uusi Apteekki,127936,,,2026-03-31 00:00:00,2026-04-14 00:00:00,2026-03-31 10:51:56,147.6,0.0,2,Hyväksytty,Ruoholahden Uusi Apteekki,1387336-1,200107785001556209,14 pv netto
75,107785,Ruoholahden Uusi Apteekki,130206,,,2026-04-17 00:00:00,2026-05-01 00:00:00,2026-04-17 01:27:49,466.5,0.0,2,Hyväksytty,Ruoholahden Uusi Apteekki,1387336-1,200107785001572432,14 pv netto
75,107785,Ruoholahden Uusi Apteekki,133297,,,2026-05-18 00:00:00,2026-06-01 00:00:00,2026-05-18 00:16:41,466.5,0.0,2,Hyväksytty,Ruoholahden Uusi Apteekki,1387336-1,200107785001591536,14 pv netto
76,105324,Soltan palvelut Oy,108053,,,2025-08-01 00:00:00,2025-08-15 00:00:00,2025-08-01 17:00:14,337.0,0.0,2,Hyväksytty,Soltan palvelut Oy,3097339-9,200105324001443128,14 pv netto
76,105324,Soltan palvelut Oy,111373,,,2025-09-16 00:00:00,2025-09-30 00:00:00,2025-09-16 17:00:22,268.0,0.0,2,Hyväksytty,Soltan palvelut Oy,3097339-9,200105324001458498,14 pv netto
76,105324,Soltan palvelut Oy,112471,,,2025-10-01 00:00:00,2025-10-15 00:00:00,2025-10-01 17:00:23,51.5,0.0,2,Hyväksytty,Soltan palvelut Oy,3097339-9,200105324001464592,14 pv netto
76,105324,Soltan palvelut Oy,112818,,,2025-10-06 00:00:00,2025-10-20 00:00:00,2025-10-06 19:39:08,93.0,0.0,2,Hyväksytty,Soltan palvelut Oy,3097339-9,200105324001466147,14 pv netto
76,105324,Soltan palvelut Oy,113575,,,2025-10-16 00:00:00,2025-10-30 00:00:00,2025-10-16 17:00:16,39.0,0.0,2,Hyväksytty,Soltan palvelut Oy,3097339-9,200105324001469539,14 pv netto
76,105324,Soltan palvelut Oy,116049,,,2025-11-14 00:00:00,2025-11-28 00:00:00,2025-11-14 13:34:38,219.0,0.0,2,Hyväksytty,Soltan palvelut Oy,3097339-9,200105324001484019,14 pv netto
76,105324,Soltan palvelut Oy,116121,,,2025-11-16 00:00:00,2025-11-30 00:00:00,2025-11-16 17:00:09,994.5,0.0,2,Hyväksytty,Soltan palvelut Oy,3097339-9,200105324001484527,14 pv netto
76,105324,Soltan palvelut Oy,120070,,,2025-12-31 00:00:00,2026-01-14 00:00:00,2025-12-31 17:00:09,173.4,0.0,2,Hyväksytty,Soltan palvelut Oy,3097339-9,200105324001509677,14 pv netto
76,105324,Soltan palvelut Oy,122221,,,2026-01-28 00:00:00,2026-02-11 00:00:00,2026-01-28 14:09:56,100.0,0.0,2,Hyväksytty,Soltan palvelut Oy,3097339-9,200105324001521215,14 pv netto
76,105324,Soltan palvelut Oy,123132,,,2026-02-09 00:00:00,2026-02-23 00:00:00,2026-02-09 16:07:37,101.49,0.0,2,Hyväksytty,Soltan palvelut Oy,3097339-9,200105324001526249,14 pv netto
76,105324,Soltan palvelut Oy,123827,,,2026-02-16 00:00:00,2026-03-02 00:00:00,2026-02-16 17:00:19,339.5,0.0,2,Hyväksytty,Soltan palvelut Oy,3097339-9,200105324001531195,14 pv netto
76,105324,Soltan palvelut Oy,127163,,,2026-03-23 00:00:00,2026-04-06 00:00:00,2026-03-23 10:09:54,31.38,6.38,2,Hyväksytty,Soltan palvelut Oy,3097339-9,200105324001551777,14 pv netto
76,105324,Soltan palvelut Oy,127167,,,2026-03-23 00:00:00,2026-04-06 00:00:00,2026-03-23 10:32:27,516.0,0.0,2,Hyväksytty,Soltan palvelut Oy,3097339-9,200105324001551793,14 pv netto
76,105324,Soltan palvelut Oy,128412,,,2026-04-01 00:00:00,2026-04-15 00:00:00,2026-04-01 17:00:25,106.77,13.77,2,Hyväksytty,Soltan palvelut Oy,3097339-9,200105324001560111,14 pv netto
77,107473,KaiKal Forest OÜ,110505,,,2025-09-03 00:00:00,2025-09-17 00:00:00,2025-09-04 09:13:30,3228.0,0.0,2,Hyväksytty,KaiKal Forest OÜ,3520280-9,200107473001454723,14 pv netto
77,107473,KaiKal Forest OÜ,110507,,,2025-09-03 00:00:00,2025-09-17 00:00:00,2025-09-03 15:01:00,3228.0,0.0,2,Hyväksytty,KaiKal Forest OÜ,3520280-9,200107473001454736,14 pv netto
77,107473,KaiKal Forest OÜ,110554,,,2025-09-04 00:00:00,2025-09-04 00:00:00,2025-09-04 09:13:35,-3228.0,0.0,2,Hyväksytty,KaiKal Forest OÜ,3520280-9,200107473001454927,
77,107473,KaiKal Forest OÜ,113474,,,2025-10-16 00:00:00,2025-10-30 00:00:00,2025-10-16 12:49:31,140.0,0.0,2,Hyväksytty,KaiKal Forest OÜ,3520280-9,200107473001468777,14 pv netto
77,107473,KaiKal Forest OÜ,117351,,,2025-11-29 00:00:00,2025-11-29 00:00:00,2025-11-29 12:35:00,0.0,0.0,2,Hyväksytty,KaiKal Forest OÜ,3520280-9,200107473001492905,
78,102642,MYT Yhtiöt Oy,110219,,,2025-09-01 00:00:00,2025-09-15 00:00:00,2025-09-01 17:00:13,1265.0,0.0,2,Hyväksytty,MYT Yhtiöt Oy,0840949-2,200102642001453013,14 pv netto
78,102642,MYT Yhtiöt Oy,116106,,,2025-11-16 00:00:00,2025-11-30 00:00:00,2025-11-16 17:00:07,26.0,0.0,2,Hyväksytty,MYT Yhtiöt Oy,0840949-2,200102642001484370,14 pv netto
78,102642,MYT Yhtiöt Oy,126293,,,2026-03-16 00:00:00,2026-03-30 00:00:00,2026-03-16 17:00:13,27.0,0.0,2,Hyväksytty,MYT Yhtiöt Oy,0840949-2,200102642001545471,14 pv netto
78,102642,MYT Yhtiöt Oy,127626,,,2026-03-27 00:00:00,2026-04-10 00:00:00,2026-03-27 09:27:28,1534.0,0.0,2,Hyväksytty,MYT Yhtiöt Oy,0840949-2,200102642001554129,14 pv netto
78,102642,MYT Yhtiöt Oy,128796,,,2026-04-01 00:00:00,2026-04-15 00:00:00,2026-04-01 17:01:23,499.77,13.77,2,Hyväksytty,MYT Yhtiöt Oy,0840949-2,200102642001563958,14 pv netto
79,107909,DMB-PUTKI OY,119055,,,2025-12-17 00:00:00,2025-12-31 00:00:00,2025-12-17 00:02:51,500.02,0.0,2,Hyväksytty,DMB-PUTKI OY,2753329-6,200107909001504079,14 pv netto
79,107909,DMB-PUTKI OY,121356,,,2026-01-17 00:00:00,2026-01-31 00:00:00,2026-01-17 00:11:02,500.02,0.0,2,Hyväksytty,DMB-PUTKI OY,2753329-6,200107909001516656,14 pv netto
79,107909,DMB-PUTKI OY,123885,,,2026-02-17 00:00:00,2026-03-03 00:00:00,2026-02-17 00:33:59,500.02,0.0,2,Hyväksytty,DMB-PUTKI OY,2753329-6,200107909001531631,14 pv netto
79,107909,DMB-PUTKI OY,126982,,,2026-03-20 00:00:00,2026-04-03 00:00:00,2026-03-20 01:09:49,500.02,0.0,2,Hyväksytty,DMB-PUTKI OY,2753329-6,200107909001550515,14 pv netto
79,107909,DMB-PUTKI OY,127647,,,2026-03-27 00:00:00,2026-04-10 00:00:00,2026-03-27 10:47:04,309.2,0.0,2,Hyväksytty,DMB-PUTKI OY,2753329-6,200107909001554249,14 pv netto
79,107909,DMB-PUTKI OY,130406,,,2026-04-19 00:00:00,2026-05-03 00:00:00,2026-04-19 00:44:49,500.02,0.0,2,Hyväksytty,DMB-PUTKI OY,2753329-6,200107909001573903,14 pv netto
79,107909,DMB-PUTKI OY,133271,,,2026-05-17 00:00:00,2026-05-31 00:00:00,2026-05-17 00:06:41,500.0,0.0,2,Hyväksytty,DMB-PUTKI OY,2753329-6,200107909001591273,14 pv netto
80,100479,Knoobus Oy,103840,,,2025-06-01 00:00:00,2025-06-15 00:00:00,2025-06-01 17:00:11,848.0,0.0,2,Hyväksytty,Knoobus Oy,2706524-2,200100479001421993,14 pv netto
80,100479,Knoobus Oy,104770,,,2025-06-16 00:00:00,2025-06-30 00:00:00,2025-06-16 17:00:12,451.0,0.0,2,Hyväksytty,Knoobus Oy,2706524-2,200100479001425795,14 pv netto
80,100479,Knoobus Oy,105872,,,2025-07-01 00:00:00,2025-07-15 00:00:00,2025-07-01 17:00:17,55.0,0.0,2,Hyväksytty,Knoobus Oy,2706524-2,200100479001431909,14 pv netto
80,100479,Knoobus Oy,106886,,,2025-07-16 00:00:00,2025-07-30 00:00:00,2025-07-16 17:00:12,253.0,0.0,2,Hyväksytty,Knoobus Oy,2706524-2,200100479001437042,14 pv netto
80,100479,Knoobus Oy,107950,,,2025-08-01 00:00:00,2025-08-15 00:00:00,2025-08-01 17:00:05,506.0,0.0,2,Hyväksytty,Knoobus Oy,2706524-2,200100479001442105,14 pv netto
80,100479,Knoobus Oy,110192,,,2025-09-01 00:00:00,2025-09-15 00:00:00,2025-09-01 17:00:10,306.0,0.0,2,Hyväksytty,Knoobus Oy,2706524-2,200100479001452742,14 pv netto
80,100479,Knoobus Oy,111015,,,2025-09-11 00:00:00,2025-09-25 00:00:00,2025-09-11 11:27:42,53.0,0.0,2,Hyväksytty,Knoobus Oy,2706524-2,200100479001456609,14 pv netto
80,100479,Knoobus Oy,112377,,,2025-10-01 00:00:00,2025-10-15 00:00:00,2025-10-01 17:00:14,253.0,0.0,2,Hyväksytty,Knoobus Oy,2706524-2,200100479001463650,14 pv netto
80,100479,Knoobus Oy,123789,,,2026-02-16 00:00:00,2026-03-02 00:00:00,2026-02-16 17:00:16,142.8,0.0,2,Hyväksytty,Knoobus Oy,2706524-2,200100479001530813,14 pv netto
80,100479,Knoobus Oy,128676,,,2026-04-01 00:00:00,2026-04-15 00:00:00,2026-04-01 17:01:17,433.37,13.77,2,Hyväksytty,Knoobus Oy,2706524-2,200100479001562755,14 pv netto
81,103215,RSE OU,111165,,,2025-09-15 00:00:00,2025-09-29 00:00:00,2025-09-15 12:24:24,819.0,0.0,2,Hyväksytty,RSE OU,3107744-9,200103215001457131,14 pv netto
81,103215,RSE OU,111166,,,2025-09-15 00:00:00,2025-12-13 00:00:00,2025-09-15 12:22:33,819.0,0.0,2,Hyväksytty,RSE OU,3107744-9,200103215001457144,90 pv netto
81,103215,RSE OU,111167,,,2025-09-15 00:00:00,2026-03-13 00:00:00,2025-09-15 12:21:23,819.0,0.0,2,Hyväksytty,RSE OU,3107744-9,200103215001457157,180 pv netto
81,103215,RSE OU,111168,,,2025-09-15 00:00:00,2026-06-12 00:00:00,2025-09-15 12:20:43,819.0,0.0,2,Hyväksytty,RSE OU,3107744-9,200103215001457160,270 pv netto
81,103215,RSE OU,111169,,,2025-09-15 00:00:00,2025-09-15 00:00:00,2025-09-15 12:20:45,-819.0,0.0,2,Hyväksytty,RSE OU,3107744-9,200103215001457173,
81,103215,RSE OU,111170,,,2025-09-15 00:00:00,2025-09-15 00:00:00,2025-09-15 12:21:26,-819.0,0.0,2,Hyväksytty,RSE OU,3107744-9,200103215001457186,
81,103215,RSE OU,111172,,,2025-09-15 00:00:00,2025-09-15 00:00:00,2025-09-15 12:22:36,-819.0,0.0,2,Hyväksytty,RSE OU,3107744-9,200103215001457199,
81,103215,RSE OU,111173,,,2025-09-15 00:00:00,2025-09-15 00:00:00,2025-09-15 12:24:27,-819.0,0.0,2,Hyväksytty,RSE OU,3107744-9,200103215001457209,
81,103215,RSE OU,111174,,,2025-09-15 00:00:00,2025-09-29 00:00:00,2025-09-15 12:25:57,3276.0,0.0,2,Hyväksytty,RSE OU,3107744-9,200103215001457212,14 pv netto
81,103215,RSE OU,114513,,,2025-10-29 00:00:00,2025-10-29 00:00:00,2025-10-29 11:47:26,0.0,0.0,2,Hyväksytty,RSE OU,3107744-9,200103215001474774,
82,104844,AutoFixed Oy,104463,,,2025-06-10 00:00:00,2025-06-24 00:00:00,2025-06-10 15:46:11,94.0,0.0,2,Hyväksytty,AutoFixed Oy,3151386-1,200104844001424631,14 pv netto
82,104844,AutoFixed Oy,106652,,,2025-07-14 00:00:00,2025-07-28 00:00:00,2025-07-14 15:46:36,513.64,0.0,2,Hyväksytty,AutoFixed Oy,3151386-1,200104844001435785,14 pv netto
82,104844,AutoFixed Oy,107283,,,2025-07-22 00:00:00,2025-08-05 00:00:00,2025-07-22 09:03:57,81.0,0.0,2,Hyväksytty,AutoFixed Oy,3151386-1,200104844001439558,14 pv netto
82,104844,AutoFixed Oy,107293,,,2025-07-22 00:00:00,2025-08-05 00:00:00,2025-07-22 12:19:29,26.0,0.0,2,Hyväksytty,AutoFixed Oy,3151386-1,200104844001439587,14 pv netto
82,104844,AutoFixed Oy,108261,,,2025-08-05 00:00:00,2025-08-19 00:00:00,2025-08-05 15:04:44,141.75,0.0,2,Hyväksytty,AutoFixed Oy,3151386-1,200104844001444051,14 pv netto
82,104844,AutoFixed Oy,108536,,,2025-08-08 00:00:00,2025-08-22 00:00:00,2025-08-08 18:03:00,138.75,0.0,2,Hyväksytty,AutoFixed Oy,3151386-1,200104844001445089,14 pv netto
82,104844,AutoFixed Oy,110032,,,2025-08-29 00:00:00,2025-08-29 00:00:00,2025-08-29 13:36:33,0.0,0.0,2,Hyväksytty,AutoFixed Oy,3151386-1,200104844001451879,
82,104844,AutoFixed Oy,110344,,,2025-09-01 00:00:00,2025-09-15 00:00:00,2025-09-01 18:29:27,132.75,0.0,2,Hyväksytty,AutoFixed Oy,3151386-1,200104844001454177,14 pv netto
82,104844,AutoFixed Oy,110529,,,2025-09-03 00:00:00,2025-09-17 00:00:00,2025-09-03 17:07:41,223.5,0.0,2,Hyväksytty,AutoFixed Oy,3151386-1,200104844001454889,14 pv netto
82,104844,AutoFixed Oy,111630,,,2025-09-18 00:00:00,2025-10-02 00:00:00,2025-09-18 13:03:55,125.0,0.0,2,Hyväksytty,AutoFixed Oy,3151386-1,200104844001460093,14 pv netto
82,104844,AutoFixed Oy,111887,,,2025-09-23 00:00:00,2025-10-07 00:00:00,2025-09-23 16:55:08,81.0,0.0,2,Hyväksytty,AutoFixed Oy,3151386-1,200104844001461160,14 pv netto
82,104844,AutoFixed Oy,112148,,,2025-09-26 00:00:00,2025-10-10 00:00:00,2025-09-26 19:08:03,123.0,0.0,2,Hyväksytty,AutoFixed Oy,3151386-1,200104844001462541,14 pv netto
82,104844,AutoFixed Oy,112317,,,2025-09-30 00:00:00,2025-10-14 00:00:00,2025-09-30 18:42:35,65.4,0.0,2,Hyväksytty,AutoFixed Oy,3151386-1,200104844001463320,14 pv netto
82,104844,AutoFixed Oy,113619,,,2025-10-17 00:00:00,2025-10-31 00:00:00,2025-10-17 09:52:39,136.4,0.0,2,Hyväksytty,AutoFixed Oy,3151386-1,200104844001469832,14 pv netto
82,104844,AutoFixed Oy,116281,,,2025-11-17 00:00:00,2025-12-01 00:00:00,2025-11-17 13:16:02,98.0,0.0,2,Hyväksytty,AutoFixed Oy,3151386-1,200104844001485887,14 pv netto
82,104844,AutoFixed Oy,116880,,,2025-11-24 00:00:00,2025-12-08 00:00:00,2025-11-24 12:57:57,218.8,0.0,2,Hyväksytty,AutoFixed Oy,3151386-1,200104844001489773,14 pv netto
82,104844,AutoFixed Oy,117114,,,2025-11-26 00:00:00,2025-12-10 00:00:00,2025-11-26 16:49:56,94.0,0.0,2,Hyväksytty,AutoFixed Oy,3151386-1,200104844001491185,14 pv netto
82,104844,AutoFixed Oy,117279,,,2025-11-28 00:00:00,2025-12-12 00:00:00,2025-11-28 18:25:30,99.41,0.0,2,Hyväksytty,AutoFixed Oy,3151386-1,200104844001492223,14 pv netto
82,104844,AutoFixed Oy,117411,,,2025-12-01 00:00:00,2025-12-15 00:00:00,2025-12-01 13:32:14,163.0,0.0,2,Hyväksytty,AutoFixed Oy,3151386-1,200104844001493235,14 pv netto
82,104844,AutoFixed Oy,121844,,,2026-01-23 00:00:00,2026-02-06 00:00:00,2026-01-23 10:41:05,68.0,0.0,2,Hyväksytty,AutoFixed Oy,3151386-1,200104844001519300,14 pv netto
82,104844,AutoFixed Oy,125461,,,2026-03-06 00:00:00,2026-03-20 00:00:00,2026-03-06 00:08:48,522.0,0.0,2,Hyväksytty,AutoFixed Oy,3151386-1,200104844001541051,14 pv netto
82,104844,AutoFixed Oy,127559,,,2026-03-26 00:00:00,2026-04-09 00:00:00,2026-03-26 14:54:01,20.0,0.0,2,Hyväksytty,AutoFixed Oy,3151386-1,200104844001553654,14 pv netto
82,104844,AutoFixed Oy,129828,,,2026-04-14 00:00:00,2026-04-28 00:00:00,2026-04-14 13:46:06,60.0,0.0,2,Hyväksytty,AutoFixed Oy,3151386-1,200104844001570239,14 pv netto
83,106403,Naarajärven tukki Oy,106852,,,2025-07-16 00:00:00,2025-07-30 00:00:00,2025-07-16 13:25:03,130.0,0.0,2,Hyväksytty,Naarajärven tukki Oy,3389914-7,200106403001436877,14 pv netto
83,106403,Naarajärven tukki Oy,109240,,,2025-08-20 00:00:00,2025-09-03 00:00:00,2025-08-20 11:24:41,306.0,0.0,2,Hyväksytty,Naarajärven tukki Oy,3389914-7,200106403001447934,14 pv netto
83,106403,Naarajärven tukki Oy,109241,,,2025-08-20 00:00:00,2025-11-17 00:00:00,2025-08-20 11:24:58,306.0,0.0,2,Hyväksytty,Naarajärven tukki Oy,3389914-7,200106403001447947,90 pv netto
83,106403,Naarajärven tukki Oy,109242,,,2025-08-20 00:00:00,2026-02-10 00:00:00,2025-08-20 11:26:55,306.0,0.0,2,Hyväksytty,Naarajärven tukki Oy,3389914-7,200106403001447950,90 pv netto
83,106403,Naarajärven tukki Oy,109243,,,2025-08-20 00:00:00,2026-05-17 00:00:00,2025-08-20 11:25:43,306.0,0.0,2,Hyväksytty,Naarajärven tukki Oy,3389914-7,200106403001447963,270 pv netto
83,106403,Naarajärven tukki Oy,109728,,,2025-08-26 00:00:00,2025-09-09 00:00:00,2025-08-26 15:22:55,154.45,0.0,2,Hyväksytty,Naarajärven tukki Oy,3389914-7,200106403001450400,14 pv netto
83,106403,Naarajärven tukki Oy,110726,,,2025-09-05 00:00:00,2025-09-19 00:00:00,2025-09-05 19:00:33,122.5,0.0,2,Hyväksytty,Naarajärven tukki Oy,3389914-7,200106403001455502,14 pv netto
83,106403,Naarajärven tukki Oy,111129,,,2025-09-12 00:00:00,2025-09-26 00:00:00,2025-09-12 17:18:32,68.0,0.0,2,Hyväksytty,Naarajärven tukki Oy,3389914-7,200106403001457018,14 pv netto
83,106403,Naarajärven tukki Oy,111906,,,2025-09-24 00:00:00,2025-10-08 00:00:00,2025-09-24 08:15:52,232.5,0.0,2,Hyväksytty,Naarajärven tukki Oy,3389914-7,200106403001461295,14 pv netto
83,106403,Naarajärven tukki Oy,113516,,,2025-10-16 00:00:00,2025-10-30 00:00:00,2025-10-16 15:43:47,319.95,0.0,2,Hyväksytty,Naarajärven tukki Oy,3389914-7,200106403001469019,14 pv netto
83,106403,Naarajärven tukki Oy,113952,,,2025-10-22 00:00:00,2025-11-05 00:00:00,2025-10-22 11:16:11,102.7,0.0,2,Hyväksytty,Naarajärven tukki Oy,3389914-7,200106403001471405,14 pv netto
83,106403,Naarajärven tukki Oy,114158,,,2025-10-23 00:00:00,2025-11-06 00:00:00,2025-10-23 18:33:47,94.0,0.0,2,Hyväksytty,Naarajärven tukki Oy,3389914-7,200106403001472776,14 pv netto
83,106403,Naarajärven tukki Oy,115204,,,2025-11-04 00:00:00,2025-11-18 00:00:00,2025-11-04 17:42:43,97.0,0.0,2,Hyväksytty,Naarajärven tukki Oy,3389914-7,200106403001479274,14 pv netto
83,106403,Naarajärven tukki Oy,116384,,,2025-11-18 00:00:00,2025-12-02 00:00:00,2025-11-18 10:11:37,106.0,0.0,2,Hyväksytty,Naarajärven tukki Oy,3389914-7,200106403001486490,14 pv netto
83,106403,Naarajärven tukki Oy,117796,,,2025-12-03 00:00:00,2025-12-03 00:00:00,2025-12-03 16:55:42,0.0,0.0,2,Hyväksytty,Naarajärven tukki Oy,3389914-7,200106403001495944,
83,106403,Naarajärven tukki Oy,123728,,,2026-02-16 00:00:00,2026-03-02 00:00:00,2026-02-16 14:25:29,167.0,0.0,2,Hyväksytty,Naarajärven tukki Oy,3389914-7,200106403001530317,14 pv netto
83,106403,Naarajärven tukki Oy,123933,,,2026-02-17 00:00:00,2026-03-03 00:00:00,2026-02-17 13:34:47,107.0,0.0,2,Hyväksytty,Naarajärven tukki Oy,3389914-7,200106403001531840,14 pv netto
83,106403,Naarajärven tukki Oy,125809,,,2026-03-10 00:00:00,2026-03-24 00:00:00,2026-03-10 15:48:41,145.0,0.0,2,Hyväksytty,Naarajärven tukki Oy,3389914-7,200106403001543074,14 pv netto
83,106403,Naarajärven tukki Oy,130481,,,2026-04-20 00:00:00,2026-05-04 00:00:00,2026-04-20 12:56:26,134.0,0.0,2,Hyväksytty,Naarajärven tukki Oy,3389914-7,200106403001574360,14 pv netto
84,105851,ET Saumaus Oy,112712,,,2025-10-06 00:00:00,2025-10-20 00:00:00,2025-10-06 07:44:39,348.75,0.0,2,Hyväksytty,ET Saumaus Oy,3427412-2,200105851001465734,14 pv netto
84,105851,ET Saumaus Oy,115242,,,2025-11-05 00:00:00,2025-11-05 00:00:00,2025-11-05 11:39:27,0.0,0.0,2,Hyväksytty,ET Saumaus Oy,3427412-2,200105851001479377,
84,105851,ET Saumaus Oy,116313,,,2025-11-17 00:00:00,2025-12-01 00:00:00,2025-11-17 15:32:00,146.0,0.0,2,Hyväksytty,ET Saumaus Oy,3427412-2,200105851001486111,14 pv netto
84,105851,ET Saumaus Oy,123579,,,2026-02-15 00:00:00,2026-03-01 00:00:00,2026-02-15 00:04:00,1260.0,0.0,2,Hyväksytty,ET Saumaus Oy,3427412-2,200105851001529023,14 pv netto
84,105851,ET Saumaus Oy,125169,,,2026-03-03 00:00:00,2026-03-17 00:00:00,2026-03-03 10:03:51,87.78,0.0,2,Hyväksytty,ET Saumaus Oy,3427412-2,200105851001539657,14 pv netto
84,105851,ET Saumaus Oy,133324,,,2026-05-18 00:00:00,2026-06-01 00:00:00,2026-05-18 00:48:41,1350.0,0.0,2,Hyväksytty,ET Saumaus Oy,3427412-2,200105851001591802,14 pv netto
85,104134,Moretime Finland Oy,103895,,,2025-06-01 00:00:00,2025-06-15 00:00:00,2025-06-01 17:00:18,146.0,0.0,2,Hyväksytty,Moretime Finland Oy,3281293-5,200104134001422547,14 pv netto
85,104134,Moretime Finland Oy,104833,,,2025-06-16 00:00:00,2025-06-30 00:00:00,2025-06-16 17:00:17,107.0,0.0,2,Hyväksytty,Moretime Finland Oy,3281293-5,200104134001426420,14 pv netto
85,104134,Moretime Finland Oy,105915,,,2025-07-01 00:00:00,2025-07-15 00:00:00,2025-07-01 17:00:20,933.5,0.0,2,Hyväksytty,Moretime Finland Oy,3281293-5,200104134001432333,14 pv netto
85,104134,Moretime Finland Oy,108005,,,2025-08-01 00:00:00,2025-08-15 00:00:00,2025-08-01 17:00:10,162.0,0.0,2,Hyväksytty,Moretime Finland Oy,3281293-5,200104134001442640,14 pv netto
85,104134,Moretime Finland Oy,110248,,,2025-09-01 00:00:00,2025-09-15 00:00:00,2025-09-01 17:00:16,415.0,0.0,2,Hyväksytty,Moretime Finland Oy,3281293-5,200104134001453309,14 pv netto
85,104134,Moretime Finland Oy,112438,,,2025-10-01 00:00:00,2025-10-15 00:00:00,2025-10-01 17:00:19,26.0,0.0,2,Hyväksytty,Moretime Finland Oy,3281293-5,200104134001464262,14 pv netto
85,104134,Moretime Finland Oy,114888,,,2025-11-01 00:00:00,2025-11-15 00:00:00,2025-11-01 17:00:13,450.0,0.0,2,Hyväksytty,Moretime Finland Oy,3281293-5,200104134001477204,14 pv netto
85,104134,Moretime Finland Oy,116176,,,2025-11-16 00:00:00,2025-11-30 00:00:00,2025-11-16 17:00:15,20.0,0.0,2,Hyväksytty,Moretime Finland Oy,3281293-5,200104134001485076,14 pv netto
85,104134,Moretime Finland Oy,122525,,,2026-02-01 00:00:00,2026-02-15 00:00:00,2026-02-01 17:00:15,63.8,0.0,2,Hyväksytty,Moretime Finland Oy,3281293-5,200104134001523213,14 pv netto
85,104134,Moretime Finland Oy,123812,,,2026-02-16 00:00:00,2026-03-02 00:00:00,2026-02-16 17:00:18,297.6,0.0,2,Hyväksytty,Moretime Finland Oy,3281293-5,200104134001531043,14 pv netto
85,104134,Moretime Finland Oy,124959,,,2026-03-01 00:00:00,2026-03-15 00:00:00,2026-03-01 17:00:19,236.5,0.0,2,Hyväksytty,Moretime Finland Oy,3281293-5,200104134001538240,14 pv netto
85,104134,Moretime Finland Oy,128203,,,2026-04-01 00:00:00,2026-04-15 00:00:00,2026-04-01 17:00:14,158.57,13.77,2,Hyväksytty,Moretime Finland Oy,3281293-5,200104134001558026,14 pv netto
85,104134,Moretime Finland Oy,131686,,,2026-05-01 00:00:00,2026-05-15 00:00:00,2026-05-01 17:00:18,89.8,0.0,2,Hyväksytty,Moretime Finland Oy,3281293-5,200104134001581556,14 pv netto
85,104134,Moretime Finland Oy,133229,,,2026-05-16 00:00:00,2026-05-30 00:00:00,2026-05-16 17:00:14,63.8,0.0,2,Hyväksytty,Moretime Finland Oy,3281293-5,200104134001590851,14 pv netto
86,104439,Talohuolto Vilander Oy,103899,,,2025-06-01 00:00:00,2025-06-15 00:00:00,2025-06-01 17:00:18,373.2,0.0,2,Hyväksytty,Talohuolto Vilander Oy,3287666-4,200104439001422585,14 pv netto
86,104439,Talohuolto Vilander Oy,104838,,,2025-06-16 00:00:00,2025-06-30 00:00:00,2025-06-16 17:00:18,81.0,0.0,2,Hyväksytty,Talohuolto Vilander Oy,3287666-4,200104439001426471,14 pv netto
86,104439,Talohuolto Vilander Oy,108026,,,2025-08-01 00:00:00,2025-08-15 00:00:00,2025-08-01 17:00:12,81.0,0.0,2,Hyväksytty,Talohuolto Vilander Oy,3287666-4,200104439001442853,14 pv netto
86,104439,Talohuolto Vilander Oy,108978,,,2025-08-16 00:00:00,2025-08-30 00:00:00,2025-08-16 17:00:12,152.0,0.0,2,Hyväksytty,Talohuolto Vilander Oy,3287666-4,200104439001446451,14 pv netto
86,104439,Talohuolto Vilander Oy,113563,,,2025-10-16 00:00:00,2025-10-30 00:00:00,2025-10-16 17:00:13,365.0,0.0,2,Hyväksytty,Talohuolto Vilander Oy,3287666-4,200104439001469412,14 pv netto
86,104439,Talohuolto Vilander Oy,114900,,,2025-11-01 00:00:00,2025-11-15 00:00:00,2025-11-01 17:00:14,659.4,0.0,2,Hyväksytty,Talohuolto Vilander Oy,3287666-4,200104439001477323,14 pv netto
86,104439,Talohuolto Vilander Oy,116180,,,2025-11-16 00:00:00,2025-11-30 00:00:00,2025-11-16 17:00:15,401.4,0.0,2,Hyväksytty,Talohuolto Vilander Oy,3287666-4,200104439001485111,14 pv netto
86,104439,Talohuolto Vilander Oy,117546,,,2025-12-01 00:00:00,2025-12-15 00:00:00,2025-12-01 17:00:26,27.0,0.0,2,Hyväksytty,Talohuolto Vilander Oy,3287666-4,200104439001494500,14 pv netto
86,104439,Talohuolto Vilander Oy,121317,,,2026-01-16 00:00:00,2026-01-30 00:00:00,2026-01-16 17:00:08,87.6,0.0,2,Hyväksytty,Talohuolto Vilander Oy,3287666-4,200104439001516378,14 pv netto
86,104439,Talohuolto Vilander Oy,124962,,,2026-03-01 00:00:00,2026-03-15 00:00:00,2026-03-01 17:00:19,63.8,0.0,2,Hyväksytty,Talohuolto Vilander Oy,3287666-4,200104439001538275,14 pv netto
86,104439,Talohuolto Vilander Oy,126330,,,2026-03-16 00:00:00,2026-03-30 00:00:00,2026-03-16 17:00:16,63.8,0.0,2,Hyväksytty,Talohuolto Vilander Oy,3287666-4,200104439001545844,14 pv netto
86,104439,Talohuolto Vilander Oy,128241,,,2026-04-01 00:00:00,2026-04-15 00:00:00,2026-04-01 17:00:16,481.5,0.0,2,Hyväksytty,Talohuolto Vilander Oy,3287666-4,200104439001558404,14 pv netto
86,104439,Talohuolto Vilander Oy,131625,,,2026-05-01 00:00:00,2026-05-15 00:00:00,2026-05-01 17:00:11,108.0,0.0,2,Hyväksytty,Talohuolto Vilander Oy,3287666-4,200104439001580948,14 pv netto
86,104439,Talohuolto Vilander Oy,133187,,,2026-05-16 00:00:00,2026-05-30 00:00:00,2026-05-16 17:00:08,207.0,0.0,2,Hyväksytty,Talohuolto Vilander Oy,3287666-4,200104439001590433,14 pv netto
87,106666,Poula Oy,104672,,,2025-06-13 00:00:00,2025-06-27 00:00:00,2025-06-13 15:00:59,80.0,0.0,2,Hyväksytty,Poula Oy,2390801-1,200106666001425353,14 pv netto
87,106666,Poula Oy,104733,,,2025-06-16 00:00:00,2025-06-30 00:00:00,2025-06-16 13:19:48,179.2,0.0,2,Hyväksytty,Poula Oy,2390801-1,200106666001425599,14 pv netto
87,106666,Poula Oy,106587,,,2025-07-11 00:00:00,2025-07-25 00:00:00,2025-07-11 16:39:08,114.7,0.0,2,Hyväksytty,Poula Oy,2390801-1,200106666001435602,14 pv netto
87,106666,Poula Oy,110679,,,2025-09-05 00:00:00,2025-09-19 00:00:00,2025-09-05 13:06:59,244.7,0.0,2,Hyväksytty,Poula Oy,2390801-1,200106666001455394,14 pv netto
87,106666,Poula Oy,111479,,,2025-09-17 00:00:00,2025-10-01 00:00:00,2025-09-17 14:13:27,237.7,0.0,2,Hyväksytty,Poula Oy,2390801-1,200106666001459170,14 pv netto
87,106666,Poula Oy,113518,,,2025-10-16 00:00:00,2025-10-30 00:00:00,2025-10-16 15:46:59,261.7,0.0,2,Hyväksytty,Poula Oy,2390801-1,200106666001469021,14 pv netto
87,106666,Poula Oy,116035,,,2025-11-14 00:00:00,2025-11-14 00:00:00,2025-11-14 12:29:15,0.0,0.0,2,Hyväksytty,Poula Oy,2390801-1,200106666001483955,
87,106666,Poula Oy,116256,,,2025-11-17 00:00:00,2025-12-01 00:00:00,2025-11-17 10:21:55,147.0,0.0,2,Hyväksytty,Poula Oy,2390801-1,200106666001485746,14 pv netto
87,106666,Poula Oy,116395,,,2025-11-18 00:00:00,2025-12-02 00:00:00,2025-11-18 10:36:36,121.7,0.0,2,Hyväksytty,Poula Oy,2390801-1,200106666001486567,14 pv netto
87,106666,Poula Oy,116739,,,2025-11-21 00:00:00,2025-12-05 00:00:00,2025-11-21 11:02:10,115.7,0.0,2,Hyväksytty,Poula Oy,2390801-1,200106666001488811,14 pv netto
87,106666,Poula Oy,117713,,,2025-12-03 00:00:00,2025-12-17 00:00:00,2025-12-03 00:15:28,495.0,0.0,2,Hyväksytty,Poula Oy,2390801-1,200106666001495529,14 pv netto
87,106666,Poula Oy,121550,,,2026-01-20 00:00:00,2026-02-03 00:00:00,2026-01-20 13:13:48,405.1,0.0,2,Hyväksytty,Poula Oy,2390801-1,200106666001517818,14 pv netto
87,106666,Poula Oy,125126,,,2026-03-03 00:00:00,2026-03-17 00:00:00,2026-03-03 00:11:49,495.0,0.0,2,Hyväksytty,Poula Oy,2390801-1,200106666001539281,14 pv netto
87,106666,Poula Oy,125806,,,2026-03-10 00:00:00,2026-03-24 00:00:00,2026-03-10 15:38:22,246.2,0.0,2,Hyväksytty,Poula Oy,2390801-1,200106666001543044,14 pv netto
88,106883,Kver oy,111619,,,2025-09-18 00:00:00,2025-10-02 00:00:00,2025-09-18 12:34:58,155.5,0.0,2,Hyväksytty,Kver oy,3019403-7,200106883001459995,14 pv netto
88,106883,Kver oy,112821,,,2025-10-06 00:00:00,2025-10-20 00:00:00,2025-10-06 19:48:30,30.0,0.0,2,Hyväksytty,Kver oy,3019403-7,200106883001466179,14 pv netto
88,106883,Kver oy,116377,,,2025-11-18 00:00:00,2025-12-02 00:00:00,2025-11-18 09:36:17,526.0,0.0,2,Hyväksytty,Kver oy,3019403-7,200106883001486447,14 pv netto
88,106883,Kver oy,117638,,,2025-12-02 00:00:00,2025-12-02 00:00:00,2025-12-02 13:03:14,0.0,0.0,2,Hyväksytty,Kver oy,3019403-7,200106883001495030,
88,106883,Kver oy,117699,,,2025-12-02 00:00:00,2025-12-16 00:00:00,2025-12-02 20:17:41,92.4,0.0,2,Hyväksytty,Kver oy,3019403-7,200106883001495386,14 pv netto
88,106883,Kver oy,123419,,,2026-02-12 00:00:00,2026-02-26 00:00:00,2026-02-12 11:01:39,1061.0,0.0,2,Hyväksytty,Kver oy,3019403-7,200106883001528088,14 pv netto
88,106883,Kver oy,124257,,,2026-02-20 00:00:00,2026-03-06 00:00:00,2026-02-20 15:25:30,148.8,0.0,2,Hyväksytty,Kver oy,3019403-7,200106883001533918,14 pv netto
88,106883,Kver oy,132558,,,2026-05-11 00:00:00,2026-05-25 00:00:00,2026-05-11 08:55:40,1061.0,0.0,2,Hyväksytty,Kver oy,3019403-7,200106883001586813,14 pv netto
89,104442,Teollisuuspojat Oy,114901,,,2025-11-01 00:00:00,2025-11-15 00:00:00,2025-11-01 17:00:14,882.0,0.0,2,Hyväksytty,Teollisuuspojat Oy,3205762-6,200104442001477336,14 pv netto
89,104442,Teollisuuspojat Oy,120039,,,2025-12-31 00:00:00,2026-01-14 00:00:00,2025-12-31 17:00:03,1560.0,0.0,2,Hyväksytty,Teollisuuspojat Oy,3205762-6,200104442001509369,14 pv netto
89,104442,Teollisuuspojat Oy,121271,,,2026-01-16 00:00:00,2026-01-30 00:00:00,2026-01-16 17:00:02,149.0,0.0,2,Hyväksytty,Teollisuuspojat Oy,3205762-6,200104442001515913,14 pv netto
89,104442,Teollisuuspojat Oy,123997,,,2026-02-18 00:00:00,2026-03-04 00:00:00,2026-02-18 09:32:34,364.0,0.0,2,Hyväksytty,Teollisuuspojat Oy,3205762-6,200104442001532307,14 pv netto
89,104442,Teollisuuspojat Oy,128242,,,2026-04-01 00:00:00,2026-04-15 00:00:00,2026-04-01 17:00:16,79.77,13.77,2,Hyväksytty,Teollisuuspojat Oy,3205762-6,200104442001558417,14 pv netto
90,107900,Ruoka Kärkkäinen Oy,121390,,,2026-01-18 00:00:00,2026-02-01 00:00:00,2026-01-18 00:40:29,600.0,0.0,2,Hyväksytty,Ruoka Kärkkäinen Oy,2801394-6,200107900001516998,14 pv netto
90,107900,Ruoka Kärkkäinen Oy,123620,,,2026-02-15 00:00:00,2026-03-01 00:00:00,2026-02-15 00:51:49,600.0,0.0,2,Hyväksytty,Ruoka Kärkkäinen Oy,2801394-6,200107900001529435,14 pv netto
90,107900,Ruoka Kärkkäinen Oy,126681,,,2026-03-18 00:00:00,2026-04-01 00:00:00,2026-03-18 01:51:50,600.0,0.0,2,Hyväksytty,Ruoka Kärkkäinen Oy,2801394-6,200107900001548720,14 pv netto
90,107900,Ruoka Kärkkäinen Oy,130214,,,2026-04-17 00:00:00,2026-05-01 00:00:00,2026-04-17 01:43:49,600.0,0.0,2,Hyväksytty,Ruoka Kärkkäinen Oy,2801394-6,200107900001572518,14 pv netto
90,107900,Ruoka Kärkkäinen Oy,133302,,,2026-05-18 00:00:00,2026-06-01 00:00:00,2026-05-18 00:22:40,600.0,0.0,2,Hyväksytty,Ruoka Kärkkäinen Oy,2801394-6,200107900001591586,14 pv netto
90,107900,Ruoka Kärkkäinen Oy,133433,,,2026-05-18 00:00:00,2026-05-18 00:00:00,2026-05-18 15:15:45,0.0,0.0,2,Hyväksytty,Ruoka Kärkkäinen Oy,2801394-6,200107900001592271,
91,106395,Ir Group Oy,109722,,,2025-08-26 00:00:00,2025-09-09 00:00:00,2025-08-26 15:13:22,660.0,0.0,2,Hyväksytty,Ir Group Oy,2419758-1,200106395001450356,14 pv netto
91,106395,Ir Group Oy,109723,,,2025-08-26 00:00:00,2025-11-23 00:00:00,2025-08-26 15:14:11,660.0,0.0,2,Hyväksytty,Ir Group Oy,2419758-1,200106395001450369,90 pv netto
91,106395,Ir Group Oy,109724,,,2025-08-26 00:00:00,2026-02-21 00:00:00,2025-08-26 15:15:02,660.0,0.0,2,Hyväksytty,Ir Group Oy,2419758-1,200106395001450372,180 pv netto
91,106395,Ir Group Oy,109725,,,2025-08-26 00:00:00,2026-05-23 00:00:00,2025-08-26 15:15:48,660.0,0.0,2,Hyväksytty,Ir Group Oy,2419758-1,200106395001450385,270 pv netto
91,106395,Ir Group Oy,116324,,,2025-11-17 00:00:00,2025-12-01 00:00:00,2025-11-27 11:27:26,500.43,0.0,2,Hyväksytty,Ir Group Oy,2419758-1,200106395001486210,14 pv netto
91,106395,Ir Group Oy,117152,,,2025-11-27 00:00:00,2025-11-27 00:00:00,2025-11-27 11:27:30,-500.43,0.0,2,Hyväksytty,Ir Group Oy,2419758-1,200106395001491360,
91,106395,Ir Group Oy,117153,,,2025-11-27 00:00:00,2025-12-11 00:00:00,2025-11-27 11:33:34,329.3,0.0,2,Hyväksytty,Ir Group Oy,2419758-1,200106395001491373,14 pv netto
91,106395,Ir Group Oy,117343,,,2025-11-29 00:00:00,2025-11-29 00:00:00,2025-11-29 11:45:02,0.0,0.0,2,Hyväksytty,Ir Group Oy,2419758-1,200106395001492822,
92,102863,Arecon Rakennus Oy,104800,,,2025-06-16 00:00:00,2025-06-30 00:00:00,2025-06-16 17:00:14,193.5,0.0,2,Hyväksytty,Arecon Rakennus Oy,3096873-3,200102863001426094,14 pv netto
92,102863,Arecon Rakennus Oy,106900,,,2025-07-16 00:00:00,2025-07-30 00:00:00,2025-07-16 17:00:14,132.75,0.0,2,Hyväksytty,Arecon Rakennus Oy,3096873-3,200102863001437180,14 pv netto
92,102863,Arecon Rakennus Oy,107979,,,2025-08-01 00:00:00,2025-08-15 00:00:00,2025-08-01 17:00:07,531.25,0.0,2,Hyväksytty,Arecon Rakennus Oy,3096873-3,200102863001442395,14 pv netto
92,102863,Arecon Rakennus Oy,113543,,,2025-10-16 00:00:00,2025-10-30 00:00:00,2025-10-16 17:00:11,358.9,0.0,2,Hyväksytty,Arecon Rakennus Oy,3096873-3,200102863001469213,14 pv netto
92,102863,Arecon Rakennus Oy,114854,,,2025-11-01 00:00:00,2025-11-15 00:00:00,2025-11-01 17:00:10,745.0,0.0,2,Hyväksytty,Arecon Rakennus Oy,3096873-3,200102863001476866,14 pv netto
92,102863,Arecon Rakennus Oy,116165,,,2025-11-16 00:00:00,2025-11-30 00:00:00,2025-11-16 17:00:14,51.5,0.0,2,Hyväksytty,Arecon Rakennus Oy,3096873-3,200102863001484968,14 pv netto
92,102863,Arecon Rakennus Oy,120053,,,2025-12-31 00:00:00,2026-01-14 00:00:00,2025-12-31 17:00:07,210.5,0.0,2,Hyväksytty,Arecon Rakennus Oy,3096873-3,200102863001509500,14 pv netto
92,102863,Arecon Rakennus Oy,121305,,,2026-01-16 00:00:00,2026-01-30 00:00:00,2026-01-16 17:00:07,432.0,0.0,2,Hyväksytty,Arecon Rakennus Oy,3096873-3,200102863001516250,14 pv netto
92,102863,Arecon Rakennus Oy,128814,,,2026-04-01 00:00:00,2026-04-15 00:00:00,2026-04-01 17:01:24,309.5,0.0,2,Hyväksytty,Arecon Rakennus Oy,3096873-3,200102863001564134,14 pv netto
93,105503,N-Huolinta Oy,114985,,,2025-11-02 00:00:00,2025-11-16 00:00:00,2025-11-02 00:10:59,985.5,0.0,2,Hyväksytty,N-Huolinta Oy,3336798-4,200105503001478176,14 pv netto
93,105503,N-Huolinta Oy,116573,,,2025-11-19 00:00:00,2025-11-19 00:00:00,2025-11-19 15:23:53,0.0,0.0,2,Hyväksytty,N-Huolinta Oy,3336798-4,200105503001487853,
93,105503,N-Huolinta Oy,122556,,,2026-02-02 00:00:00,2026-02-16 00:00:00,2026-02-02 00:01:43,985.5,0.0,2,Hyväksytty,N-Huolinta Oy,3336798-4,200105503001523526,14 pv netto
93,105503,N-Huolinta Oy,131731,,,2026-05-02 00:00:00,2026-05-16 00:00:00,2026-05-02 05:10:36,985.5,0.0,2,Hyväksytty,N-Huolinta Oy,3336798-4,200105503001582004,14 pv netto
94,107373,Lion Cafe Oy,107805,,,2025-07-31 00:00:00,2026-04-27 00:00:00,2025-09-01 13:25:44,690.0,0.0,2,Hyväksytty,Leon Cafe Oy,3495900-9,200107373001441328,14 pv netto
94,107373,Lion Cafe Oy,107806,,,2025-07-31 00:00:00,2025-10-28 00:00:00,2025-07-31 13:38:43,690.0,0.0,2,Hyväksytty,Leon Cafe Oy,3495900-9,200107373001441331,90 pv netto
94,107373,Lion Cafe Oy,107807,,,2025-07-31 00:00:00,2026-01-26 00:00:00,2025-07-31 13:39:08,690.0,0.0,2,Hyväksytty,Leon Cafe Oy,3495900-9,200107373001441344,180 pv netto
94,107373,Lion Cafe Oy,107808,,,2025-07-31 00:00:00,2025-08-14 00:00:00,2025-09-01 13:26:25,690.0,0.0,2,Hyväksytty,Leon Cafe Oy,3495900-9,200107373001441357,270 pv netto
94,107373,Lion Cafe Oy,110397,,,2025-09-02 00:00:00,2025-09-16 00:00:00,2025-09-08 11:55:49,1200.0,0.0,2,Hyväksytty,Lion Cafe Oy,3495900-9,200107373001454360,14 pv netto
94,107373,Lion Cafe Oy,110398,,,2025-09-02 00:00:00,2025-11-30 00:00:00,2025-09-08 11:55:19,1200.0,0.0,2,Hyväksytty,Lion Cafe Oy,3495900-9,200107373001454373,90 pv netto
94,107373,Lion Cafe Oy,110765,,,2025-09-08 00:00:00,2025-09-08 00:00:00,2025-09-08 11:55:22,-1200.0,0.0,2,Hyväksytty,Lion Cafe Oy,3495900-9,200107373001455631,
94,107373,Lion Cafe Oy,110766,,,2025-09-08 00:00:00,2025-09-08 00:00:00,2025-09-08 11:55:52,-1200.0,0.0,2,Hyväksytty,Lion Cafe Oy,3495900-9,200107373001455644,
94,107373,Lion Cafe Oy,110767,,,2025-09-08 00:00:00,2025-09-22 00:00:00,2025-09-08 12:00:42,24.0,0.0,2,Hyväksytty,Lion Cafe Oy,3495900-9,200107373001455657,14 pv netto
94,107373,Lion Cafe Oy,113314,,,2025-10-14 00:00:00,2025-10-28 00:00:00,2025-10-14 15:42:58,170.0,0.0,2,Hyväksytty,Lion Cafe Oy,3495900-9,200107373001468301,14 pv netto
94,107373,Lion Cafe Oy,117658,,,2025-12-02 00:00:00,2025-12-02 00:00:00,2025-12-02 14:28:57,0.0,0.0,2,Hyväksytty,Lion Cafe Oy,3495900-9,200107373001495154,
95,107230,FRANCE EVAPORATION,104302,,,2025-06-06 00:00:00,2025-06-20 00:00:00,2025-06-06 15:32:29,2340.0,0.0,2,Hyväksytty,FRANCE EVAPORATION,2916107-8,200107230001424129,14 pv netto
95,107230,FRANCE EVAPORATION,117098,,,2025-11-26 00:00:00,2025-11-26 00:00:00,2025-11-26 15:29:59,0.0,0.0,2,Hyväksytty,FRANCE EVAPORATION,2916107-8,200107230001491055,
95,107230,FRANCE EVAPORATION,134052,,,2026-05-23 00:00:00,2026-06-06 00:00:00,2026-05-23 09:30:41,612.0,0.0,2,Hyväksytty,FRANCE EVAPORATION,2916107-8,200107230001596183,14 pv netto
96,105811,ESTEEL PROJECT OY,120845,,,2026-01-13 00:00:00,2026-01-27 00:00:00,2026-01-13 15:42:55,256.0,0.0,2,Hyväksytty,ESTEEL PROJECT OY,3413752-3,200105811001513435,14 pv netto
96,105811,ESTEEL PROJECT OY,125887,,,2026-03-11 00:00:00,2026-03-25 00:00:00,2026-03-11 13:05:31,31.38,6.38,2,Hyväksytty,ESTEEL PROJECT OY,3413752-3,200105811001543531,14 pv netto
96,105811,ESTEEL PROJECT OY,126575,,,2026-03-17 00:00:00,2026-03-31 00:00:00,2026-03-17 12:29:17,1083.0,0.0,2,Hyväksytty,ESTEEL PROJECT OY,3413752-3,200105811001547922,14 pv netto
96,105811,ESTEEL PROJECT OY,128489,,,2026-04-01 00:00:00,2026-04-15 00:00:00,2026-04-01 17:00:29,111.15,20.15,2,Hyväksytty,ESTEEL PROJECT OY,3413752-3,200105811001560886,14 pv netto
96,105811,ESTEEL PROJECT OY,131696,,,2026-05-01 00:00:00,2026-05-15 00:00:00,2026-05-01 17:00:19,786.0,0.0,2,Hyväksytty,ESTEEL PROJECT OY,3413752-3,200105811001581658,14 pv netto
96,105811,ESTEEL PROJECT OY,133240,,,2026-05-16 00:00:00,2026-05-30 00:00:00,2026-05-16 17:00:15,671.0,0.0,2,Hyväksytty,ESTEEL PROJECT OY,3413752-3,200105811001590966,14 pv netto
97,105236,Isoharja Oy,114984,,,2025-11-02 00:00:00,2025-11-16 00:00:00,2025-11-02 00:09:49,1462.5,0.0,2,Hyväksytty,Isoharja Oy,3162171-5,200105236001478168,14 pv netto
97,105236,Isoharja Oy,116570,,,2025-11-19 00:00:00,2025-11-19 00:00:00,2025-11-19 15:14:57,0.0,0.0,2,Hyväksytty,Isoharja Oy,3162171-5,200105236001487829,
97,105236,Isoharja Oy,131730,,,2026-05-02 00:00:00,2026-05-16 00:00:00,2026-05-02 05:09:36,1462.5,0.0,2,Hyväksytty,Isoharja Oy,3162171-5,200105236001581990,14 pv netto
98,105887,Terästarvike Oy,114952,,,2025-11-01 00:00:00,2025-11-15 00:00:00,2025-11-01 17:00:18,285.0,0.0,2,Hyväksytty,Terästarvike Oy,0251337-9,200105887001477848,14 pv netto
98,105887,Terästarvike Oy,116131,,,2025-11-16 00:00:00,2025-11-30 00:00:00,2025-11-16 17:00:10,54.0,0.0,2,Hyväksytty,Terästarvike Oy,0251337-9,200105887001484624,14 pv netto
98,105887,Terästarvike Oy,123698,,,2026-02-16 00:00:00,2026-03-02 00:00:00,2026-02-16 10:01:20,1593.0,0.0,2,Hyväksytty,Terästarvike Oy,0251337-9,200105887001530154,14 pv netto
98,105887,Terästarvike Oy,125744,,,2026-03-10 00:00:00,2026-03-24 00:00:00,2026-03-10 08:19:52,118.0,0.0,2,Hyväksytty,Terästarvike Oy,0251337-9,200105887001542760,14 pv netto
98,105887,Terästarvike Oy,126381,,,2026-03-16 00:00:00,2026-03-30 00:00:00,2026-03-16 17:00:20,288.0,0.0,2,Hyväksytty,Terästarvike Oy,0251337-9,200105887001546355,14 pv netto
98,105887,Terästarvike Oy,128506,,,2026-04-01 00:00:00,2026-04-15 00:00:00,2026-04-01 17:00:30,479.0,0.0,2,Hyväksytty,Terästarvike Oy,0251337-9,200105887001561055,14 pv netto
98,105887,Terästarvike Oy,131636,,,2026-05-01 00:00:00,2026-05-15 00:00:00,2026-05-01 17:00:13,99.0,0.0,2,Hyväksytty,Terästarvike Oy,0251337-9,200105887001581051,14 pv netto
99,105605,Arcenciel Oy,113219,,,2025-10-13 00:00:00,2025-10-27 00:00:00,2025-10-13 16:03:58,122.0,0.0,2,Hyväksytty,Arcenciel Oy,2699107-6,200105605001467920,14 pv netto
99,105605,Arcenciel Oy,113222,,,2025-10-13 00:00:00,2025-10-13 00:00:00,2025-10-13 16:04:01,-122.0,0.0,2,Hyväksytty,Arcenciel Oy,2699107-6,200105605001467959,
99,105605,Arcenciel Oy,113281,,,2025-10-14 00:00:00,2025-10-14 00:00:00,2025-10-14 12:27:59,0.0,0.0,2,Hyväksytty,Arcenciel Oy,2699107-6,200105605001468152,
99,105605,Arcenciel Oy,120967,,,2026-01-14 00:00:00,2026-01-28 00:00:00,2026-01-30 07:59:26,2049.0,0.0,2,Hyväksytty,Arcenciel Oy,2699107-6,200105605001514116,14 pv netto
99,105605,Arcenciel Oy,122370,,,2026-01-30 00:00:00,2026-01-30 00:00:00,2026-01-30 07:59:30,-2049.0,0.0,2,Hyväksytty,Arcenciel Oy,2699107-6,200105605001522056,
99,105605,Arcenciel Oy,122459,,,2026-01-31 00:00:00,2026-02-14 00:00:00,2026-01-31 08:16:05,1275.09,0.0,2,Hyväksytty,Arcenciel Oy,2699107-6,200105605001522551,14 pv netto
99,105605,Arcenciel Oy,128003,,,2026-04-01 00:00:00,2026-04-15 00:00:00,2026-04-01 00:06:49,1275.09,0.0,2,Hyväksytty,Arcenciel Oy,2699107-6,200105605001556475,14 pv netto
99,105605,Arcenciel Oy,134555,,,2026-05-28 00:00:00,2026-06-11 00:00:00,2026-05-28 11:17:01,359.39,0.0,2,Hyväksytty,Arcenciel Oy,2699107-6,200105605001599267,14 pv netto
100,103528,UAB Alenas,107763,,,2025-07-30 00:00:00,2025-08-13 00:00:00,2025-07-30 21:00:51,2898.0,0.0,2,Hyväksytty,UAB Alenas,3225850-8,200103528001441193,14 pv netto
100,103528,UAB Alenas,113794,,,2025-10-20 00:00:00,2025-10-20 00:00:00,2025-10-20 16:40:15,0.0,0.0,2,Hyväksytty,UAB Alenas,3225850-8,200103528001470698,
